DATA,PO012002NU0008,PO012026NU3021,PO0120500RZ001,PO012070NU1007,PO0120750R2020,PO0120790RZ001,PO012090NU2009,PO0121180U0005,PO012119NUP001,PO012123NUP001,PO0121300RZ001,PO012136NUZ001,PO0130230U0003,PO0130280U0009,PO013064NU0002,PO0131310U0001,PO0131330U0009,PO0131590U0001,PO015041NR0075,PO015051NR0012,PO015062NR0071,PO015113NUP001,PO015146NU1534,PO015194NU0017,PO0970200U0002,PO0970200U0003,PO0970480U0001,PO0970610U0015,PO108033NR0142,PO108033NU0243
2000-01-01,,,,,,,,,,,,,,,,,,,,,,,,,,,,,,
2000-02-01,,,,,,,,,,,,,,,,,,,,,,,,,,,,,,
2000-03-01,,,,,,,,,,,,,,,,,,,,,,,,,,,,,,
2000-04-01,,,,,,,,,,,,,,,,,,,,,,,,,,,,,,
2000-05-01,,,,,,,,,,,,,,,,,,,,,,,,,,,,,,
2000-06-01,,,,,,,,,,,,,,,,,,,,,,,,,,,,,,
2000-07-01,,,,,,,,,,,,,,,,,,,,,,,,,,,,,,
2000-08-01,,,,,,,,,,,,,,,,,,,,,,,,,,,,,,
2000-09-01,,,,,,,,,,,,,,,,,,,,,,,,,,,,,,
2000-10-01,,,,,,,,,,,,,,,,,,,,,,,,,,,,,,
2000-11-01,,,,,,,,,,,,,,,,,,,,,,,,,,,,,,
2000-12-01,,,,,,,,,,,,,,,,,,,,,,,,,,,,,,
2001-01-01,,,,,-0.6374841609623771,,,,,,,,,,,,,,,,,,,,,,,,,
2001-02-01,,,,,-0.3661063568005698,,0.967421566101701,,,,,,,,,,,,,,,,,,,,,,,
2001-03-01,,,,,-0.49720057068155404,,0.967421566101701,,,,,,,,,,,,,,,,,,,,,,,
2001-04-01,,,,,-0.11964811303984217,,1.4652337926855223,,,,,,,,,,,,,,,,,,,,,,,
2001-05-01,,,,,-0.06270677794321385,,1.959963984540054,,,,,,,,,,,,,,,,,,,,,,,
2001-06-01,,,,,-0.18911842627279252,,1.4395314709384557,,,,,,,,,,,,,,,,,,,,,,,
2001-07-01,,,,,0.18911842627279238,,1.1503493803760079,,,,,,,,,,,,,,,,,,,,,,,
2001-08-01,,,,,0.06270677794321357,,1.1503493803760079,0.93458929107348,,,,,,,,,,,,,,,,,,0.18911842627279238,-1.9599639845400545,,,
2001-09-01,,,,,0.06270677794321357,,0.93458929107348,0.5977601260424784,,,,,-0.9345892910734802,0.5977601260424784,0.18911842627279238,,,,,,,,,,,0.06270677794321357,-0.7554150263604693,,,
2001-10-01,,,,,0.18911842627279238,,0.93458929107348,0.93458929107348,,,,,-1.1503493803760079,0.7554150263604691,0.31863936396437514,,,,,,,,,,,-0.06270677794321385,-0.9345892910734802,,,
2001-11-01,,,,,0.18911842627279238,,0.7554150263604691,0.5977601260424784,,,,,-1.1503493803760079,0.93458929107348,0.31863936396437514,,,,,,,,,,,-0.18911842627279252,-0.7554150263604693,,,
2001-12-01,,,,,0.18911842627279238,,0.5977601260424784,0.5977601260424784,,,,,-1.1503493803760079,0.93458929107348,0.4537621901698793,,,,,,,,,,,-0.18911842627279252,-1.1503493803760079,,,
2002-01-01,,-0.18911842627279252,,,0.0,,0.5977601260424784,0.5977601260424784,,,,,-1.1503493803760079,0.7554150263604691,0.06270677794321357,,,,,,,,-0.7554150263604693,,,-0.31863936396437514,-1.9599639845400545,,,
2002-02-01,,-0.31863936396437514,,,0.1196481130398419,,0.1196481130398419,0.5977601260424784,,,,,-1.4395314709384563,0.5977601260424784,0.06270677794321357,,,,,,,,-0.5977601260424786,,,-0.31863936396437514,-0.06270677794321385,,,
2002-03-01,,-0.45376219016987945,,,0.0,,0.0,0.4537621901698793,,,,,-0.7554150263604693,0.7554150263604691,0.18911842627279238,,,,,,,,-0.7554150263604693,,,0.18911842627279238,-0.31863936396437514,,,
2002-04-01,,-0.31863936396437514,,,0.1196481130398419,,-0.11964811303984217,0.4537621901698793,,,,,0.06270677794321357,0.31863936396437514,0.4537621901698793,,,,,,,,-0.5977601260424786,,,0.18911842627279238,-0.9345892910734802,,,
2002-05-01,,-0.26699412540495254,,,0.06270677794321357,,0.4537621901698793,0.4067242518713638,,,,,0.0,0.13231285227617132,0.4067242518713638,,,,,,,,-0.899434907667234,,,0.4067242518713638,0.13231285227617132,,,
2002-06-01,,0.0,,,0.31863936396437514,,0.93458929107348,0.26699412540495254,,,,,-0.4067242518713635,0.26699412540495254,0.13231285227617132,,,,,,,,-0.7164975001779913,,,0.5549229427026537,-0.899434907667234,,,
2002-07-01,,0.0,,,0.31863936396437514,,0.7554150263604691,0.13231285227617132,,,,,-0.26699412540495254,0.4067242518713638,0.26699412540495254,,,,,,,,-0.5549229427026537,,,0.7164975001779914,-0.4067242518713635,,,
2002-08-01,,0.0,,,0.18911842627279238,,0.7554150263604691,0.31863936396437514,,,,,-0.26699412540495254,0.899434907667234,0.26699412540495254,,,,,,,,-0.7164975001779913,,,0.7554150263604691,0.06270677794321357,,,
2002-09-01,,-0.13231285227617104,,,0.18911842627279238,,0.7554150263604691,0.31863936396437514,,,,,-0.18911842627279252,1.4395314709384557,0.31863936396437514,,,,,,,,-0.7164975001779913,,,0.93458929107348,0.5977601260424784,,,
2002-10-01,,-0.13231285227617104,,,0.31863936396437514,,0.5977601260424784,0.31863936396437514,,,,,-0.18911842627279252,1.959963984540054,0.4537621901698793,,,,,,,,-0.7164975001779913,,,1.1503493803760079,1.1503493803760079,,,
2002-11-01,,0.0,,,0.5977601260424784,,0.4537621901698793,0.31863936396437514,,,,,0.06270677794321357,-0.18911842627279252,1.4395314709384557,,,,,,,,-0.7164975001779913,,,0.5977601260424784,0.7554150263604691,,,
2002-12-01,,0.4067242518713638,,,0.7554150263604691,,1.1503493803760079,0.7554150263604691,,,,,0.4537621901698793,0.06270677794321357,1.959963984540054,,,,,,,,-0.26699412540495254,,,0.93458929107348,0.93458929107348,,,
2003-01-01,,0.93458929107348,,,0.7916386077433746,,1.4395314709384557,1.4395314709384557,,,,,-0.31863936396437514,0.18911842627279238,1.4395314709384557,,,,,,,,1.4395314709384557,,,1.4395314709384557,0.93458929107348,,,
2003-02-01,,-0.06270677794321385,,,0.7916386077433746,,1.9807523966472789,1.1503493803760079,,,,,-0.31863936396437514,0.4537621901698793,1.4395314709384557,,,,,,,,-0.31863936396437514,,,1.4395314709384557,0.31863936396437514,,,
2003-03-01,,-0.18911842627279252,,,0.7916386077433746,,1.9807523966472789,1.1503493803760079,,,,,-0.5977601260424786,0.4537621901698793,1.1503493803760079,,,,,,,,0.18911842627279238,,,0.5977601260424784,0.4537621901698793,,,
2003-04-01,,-0.06270677794321385,,,0.967421566101701,,1.9807523966472789,1.4395314709384557,,,,,-0.9345892910734802,0.7554150263604691,1.1503493803760079,,,,,,,,1.959963984540054,,,0.31863936396437514,0.31863936396437514,,,
2003-05-01,,-0.13231285227617104,,,0.93458929107348,,0.7554150263604691,1.4121875789061644,,,,,-0.899434907667234,0.26699412540495254,1.4121875789061644,,,,,,,,1.4121875789061644,,,0.13231285227617132,0.7164975001779914,,,
2003-06-01,,-0.5549229427026537,,,1.1503493803760079,,0.7554150263604691,1.11895838106256,,,,,-0.899434907667234,-0.5549229427026537,0.899434907667234,,,,,,,,1.11895838106256,,,-0.7164975001779913,0.4067242518713638,,,
2003-07-01,,-0.5549229427026537,,,0.93458929107348,,0.93458929107348,0.7164975001779914,,,,,-0.7164975001779913,-0.5549229427026537,0.7164975001779914,,,,,,,,-0.26699412540495254,,,-0.899434907667234,0.5549229427026537,,,
2003-08-01,,-0.899434907667234,,,0.7554150263604691,,0.4537621901698793,0.4537621901698793,,,,,-0.7164975001779913,-0.899434907667234,0.899434907667234,,,,,,,,-0.13231285227617104,,,-1.1503493803760079,0.5977601260424784,,,
2003-09-01,,0.0,,,0.7554150263604691,,0.4537621901698793,0.18911842627279238,,,,,-0.5977601260424786,-0.45376219016987945,1.4395314709384557,,,,,,,,1.4121875789061644,,,-0.9345892910734802,0.31863936396437514,,,
2003-10-01,,-0.5549229427026537,,,0.5977601260424784,,-0.06270677794321385,0.18911842627279238,,,,,-0.7554150263604693,-0.18911842627279252,1.959963984540054,,,,,,,,1.11895838106256,,,-1.4395314709384563,0.31863936396437514,,,
2003-11-01,,-0.26699412540495254,,,0.7554150263604691,,0.06270677794321357,0.06270677794321357,,,,,-0.7554150263604693,0.5977601260424784,1.959963984540054,,,,,,,,1.11895838106256,,,-0.9345892910734802,0.06270677794321357,,,
2003-12-01,,-0.26699412540495254,,,0.5977601260424784,,0.18911842627279238,0.18911842627279238,,,,,-0.5977601260424786,-0.18911842627279252,0.06270677794321357,,,,,,,,-0.5549229427026537,,,-0.9345892910734802,-0.06270677794321385,,,
2004-01-01,,-0.31863936396437514,,0.5084880591093566,0.49720057068155404,,0.4537621901698793,0.31863936396437514,,,,,-0.5977601260424786,-0.7554150263604693,0.93458929107348,,,,,,,,1.959963984540054,,,-0.9345892910734802,-0.45376219016987945,,,
2004-02-01,,-0.18911842627279252,,0.5084880591093566,0.49720057068155404,,0.3661063568005698,0.31863936396437514,,,,,-0.5977601260424786,-0.5977601260424786,0.93458929107348,,,,,,,,-0.18911842627279252,,,-0.45376219016987945,-0.18911842627279252,,,
2004-03-01,,-0.31863936396437514,,0.6744897501960817,0.3661063568005698,,0.3661063568005698,0.18911842627279238,,,,,-0.31863936396437514,-0.5977601260424786,0.5977601260424784,,,,,,,,0.93458929107348,,,-0.9345892910734802,-0.45376219016987945,,,
2004-04-01,,-0.18911842627279252,,0.5084880591093566,0.49720057068155404,,0.49720057068155404,0.18911842627279238,,,,,0.31863936396437514,-0.5977601260424786,-0.06270677794321385,,,,,,,,1.4395314709384557,,,-0.5977601260424786,-0.06270677794321385,,,
2004-05-01,,0.13231285227617132,,0.6289042176321896,0.31863936396437514,,0.06270677794321357,0.13231285227617132,,,,,0.13231285227617132,-0.7164975001779913,-0.26699412540495254,,,,,,,,1.9379315108528297,,,0.26699412540495254,-0.13231285227617104,,,
2004-06-01,,-0.13231285227617104,,0.2993069104656671,0.5977601260424784,,0.06270677794321357,0.13231285227617132,,,,,-0.5549229427026537,-0.7164975001779913,0.26699412540495254,,,,,,,,1.4121875789061644,,,0.4067242518713638,0.26699412540495254,,,
2004-07-01,,0.13231285227617132,,0.1479871097258389,0.4537621901698793,,0.5977601260424784,0.899434907667234,,,,,-0.5549229427026537,-0.4067242518713635,-0.26699412540495254,,,,,,,,-0.13231285227617104,,,-0.4067242518713635,-0.5549229427026537,,,
2004-08-01,,-0.13231285227617104,,0.1479871097258389,0.31863936396437514,,0.5977601260424784,0.06270677794321357,,,,,-0.4067242518713635,-0.7164975001779913,-0.4067242518713635,,,,,,,,0.899434907667234,,,-0.5977601260424786,-1.1503493803760079,,,
2004-09-01,,-0.26699412540495254,,0.1479871097258389,0.31863936396437514,,0.5977601260424784,0.06270677794321357,,,,,-0.45376219016987945,-0.5977601260424786,-0.45376219016987945,,,,,,,,1.9379315108528297,,,-0.31863936396437514,-1.4395314709384563,,,
2004-10-01,,0.0,,0.1479871097258389,0.4537621901698793,,0.4537621901698793,0.06270677794321357,,,,,-0.45376219016987945,-0.5977601260424786,-0.45376219016987945,,,,,,,,1.9379315108528297,,,-0.7554150263604693,-1.9599639845400545,,,
2004-11-01,,-0.13231285227617104,,-0.1479871097258389,0.31863936396437514,,0.31863936396437514,0.18911842627279238,,,,,-0.5977601260424786,-0.5977601260424786,-0.45376219016987945,,,,,,,,1.9379315108528297,,,-1.4395314709384563,-1.9599639845400545,,,
2004-12-01,,-0.13231285227617104,,-0.1479871097258389,0.31863936396437514,,-0.18911842627279252,0.31863936396437514,,,,,-0.7554150263604693,-0.9345892910734802,-0.45376219016987945,,,,,,,,-0.13231285227617104,,,-1.9599639845400545,-1.9599639845400545,,,
2005-01-01,,-0.06270677794321385,,-0.5084880591093566,0.6374841609623768,,0.31863936396437514,0.18911842627279238,,,,,-0.7554150263604693,-0.9345892910734802,-0.7554150263604693,,,,,,,,1.1503493803760079,,,-1.4395314709384563,-1.4395314709384563,,,
2005-02-01,,0.18911842627279238,,-0.6744897501960817,0.0,,0.0,0.06270677794321357,,,,,-1.1503493803760079,-0.9345892910734802,-0.7554150263604693,,,,,,,,-0.45376219016987945,,,-1.4395314709384563,-1.9599639845400545,,,
2005-03-01,,0.06270677794321357,,-0.5084880591093566,-0.24104039388602685,,-0.11964811303984217,0.06270677794321357,,,,,-1.1503493803760079,-0.9345892910734802,-0.5977601260424786,,,,,,,,0.31863936396437514,,,-1.9599639845400545,-1.9599639845400545,,,
2005-04-01,,-0.5977601260424786,,-0.5084880591093566,-0.24104039388602685,,-0.49720057068155404,0.06270677794321357,,,,,-1.4395314709384563,-0.9345892910734802,-0.5977601260424786,,,,,,,,1.1503493803760079,,,-1.9599639845400545,-1.9599639845400545,,,
2005-05-01,,-0.4067242518713635,,-0.45785193101249505,-0.31863936396437514,,-0.31863936396437514,-0.13231285227617104,,,,,-1.11895838106256,-0.899434907667234,-0.7164975001779913,,,,,,,,0.899434907667234,,,-1.4121875789061642,-1.9379315108528288,,,
2005-06-01,,-0.26699412540495254,,-0.45785193101249505,-0.5977601260424786,,-0.5977601260424786,-0.7164975001779913,,,,,-1.11895838106256,-1.11895838106256,-1.4121875789061642,,,,,,,,0.899434907667234,,,-1.4121875789061642,-1.9379315108528288,,,
2005-07-01,,-0.4067242518713635,,-0.45785193101249505,-0.31863936396437514,,-1.1503493803760079,-0.26699412540495254,,,,,-1.11895838106256,-1.11895838106256,-1.4121875789061642,,,,,,,,-0.7164975001779913,,,-1.11895838106256,-1.9379315108528288,,,
2005-08-01,,-0.7164975001779913,,-0.6289042176321898,-0.7554150263604693,,-1.9599639845400545,-0.31863936396437514,,,,-1.009990169249582,-0.899434907667234,-1.11895838106256,-1.9379315108528288,,,,,,,,0.26699412540495254,,,-0.9345892910734802,-1.4395314709384563,,,
2005-09-01,,-0.899434907667234,,-0.2993069104656671,-0.7554150263604693,,-0.5977601260424786,-0.45376219016987945,,,,-1.009990169249582,-0.7554150263604693,-0.9345892910734802,-1.9599639845400545,,,,,,,,0.899434907667234,,,-0.7554150263604693,-1.9599639845400545,,,
2005-10-01,,-0.899434907667234,,-0.2993069104656671,-0.7554150263604693,,-0.31863936396437514,-0.45376219016987945,,,,-0.7764217611479277,-0.9345892910734802,-1.1503493803760079,-1.9599639845400545,,,,,,,,1.4121875789061644,,,-0.5977601260424786,-1.1503493803760079,,,
2005-11-01,,-0.899434907667234,,-0.45785193101249505,-0.7554150263604693,,-0.45376219016987945,-0.7554150263604693,,,-0.7764217611479277,-0.7764217611479277,-0.9345892910734802,-1.1503493803760079,-1.4395314709384563,,,,,,,,0.899434907667234,,,-0.5977601260424786,-1.1503493803760079,,,
2005-12-01,,-0.899434907667234,-0.7764217611479277,-0.6289042176321898,-0.7554150263604693,-0.579132162255556,-0.31863936396437514,-0.7554150263604693,,,-0.7764217611479277,-1.009990169249582,-0.9345892910734802,-1.9599639845400545,-1.9599639845400545,,,,,,,,-0.899434907667234,,,-0.31863936396437514,-0.7554150263604693,,,
2006-01-01,,-0.9345892910734802,-0.7764217611479277,-1.0853249080767589,-0.7916386077433746,-0.7764217611479277,-0.7554150263604693,-0.9345892910734802,,,-1.009990169249582,-1.009990169249582,-1.9599639845400545,-1.9599639845400545,-1.9599639845400545,,,,,,,,0.93458929107348,,,-0.7554150263604693,-0.5977601260424786,-0.7764217611479277,,
2006-02-01,,-0.9345892910734802,-0.7764217611479277,-1.0853249080767589,-0.7916386077433746,-1.009990169249582,-0.6374841609623771,-0.9345892910734802,,,-0.7764217611479277,-1.009990169249582,-1.9599639845400545,-1.9599639845400545,-1.9599639845400545,,,,,,,,-0.9345892910734802,,-1.009990169249582,-0.7554150263604693,-0.9345892910734802,-0.23720210932878769,,
2006-03-01,,-1.1503493803760079,-1.009990169249582,-1.0853249080767589,-0.967421566101701,-1.009990169249582,-0.967421566101701,-1.1503493803760079,,,-0.7764217611479277,-1.318010897303537,-1.4395314709384563,-1.1503493803760079,-1.9599639845400545,,,,,,,,0.4537621901698793,,-0.579132162255556,-0.45376219016987945,-0.18911842627279252,-0.579132162255556,,
2006-04-01,,-1.1503493803760079,-1.009990169249582,-1.0853249080767589,-0.967421566101701,-1.009990169249582,-1.9807523966472789,-1.1503493803760079,,,-0.7764217611479277,-1.318010897303537,-1.1503493803760079,-1.1503493803760079,-1.9599639845400545,,,,,,,,0.93458929107348,,-0.579132162255556,-0.7554150263604693,-0.45376219016987945,-0.23720210932878769,,
2006-05-01,,-1.11895838106256,-0.967421566101701,-1.0491313979639707,-0.9345892910734802,-0.967421566101701,-1.4395314709384563,-1.11895838106256,,,-0.967421566101701,-1.2815515655446004,-1.4121875789061642,-1.11895838106256,-1.9379315108528288,,,,,,,,1.11895838106256,,-1.2815515655446004,-0.899434907667234,-0.899434907667234,-0.967421566101701,,
2006-06-01,,-1.11895838106256,-0.967421566101701,-1.0491313979639707,-0.9345892910734802,-0.967421566101701,-1.1503493803760079,-1.11895838106256,,,-0.967421566101701,-1.8339146358159146,-1.4121875789061642,-1.4121875789061642,-1.9379315108528288,,,,,,,,1.9379315108528297,,-1.2815515655446004,-1.11895838106256,-1.11895838106256,-1.2815515655446004,,
2006-07-01,,-1.11895838106256,-0.967421566101701,-1.351702239930662,-1.1503493803760079,-0.967421566101701,-1.4395314709384563,-1.11895838106256,,,-0.967421566101701,-1.2815515655446004,-1.9379315108528288,-1.9379315108528288,-1.9379315108528288,,,,,,,,-0.899434907667234,,-1.8339146358159146,-1.4121875789061642,-1.4121875789061642,-1.2815515655446004,,
2006-08-01,,-1.11895838106256,-0.967421566101701,-1.351702239930662,-0.9345892910734802,-0.967421566101701,-0.9345892910734802,-1.1503493803760079,,,-0.967421566101701,-1.318010897303537,-1.9379315108528288,-1.9379315108528288,-1.4121875789061642,,,,,,,,0.4067242518713638,,-1.8339146358159146,-1.9599639845400545,-0.9345892910734802,-0.7279132908816442,,
2006-09-01,,-1.11895838106256,-0.967421566101701,-1.351702239930662,-1.1503493803760079,-0.967421566101701,-0.9345892910734802,-1.1503493803760079,,,-0.967421566101701,-1.318010897303537,-1.4395314709384563,-1.9599639845400545,-1.1503493803760079,,,,,,,,1.11895838106256,,-1.8339146358159146,-1.4395314709384563,-1.1503493803760079,-1.2815515655446004,,
2006-10-01,,-1.11895838106256,-0.967421566101701,-1.351702239930662,-1.1503493803760079,-0.967421566101701,-0.9345892910734802,-1.4395314709384563,,,-0.967421566101701,-1.318010897303537,-0.5977601260424786,-1.9599639845400545,-1.1503493803760079,,,,,,,,0.899434907667234,,-1.8339146358159146,-1.9599639845400545,-0.7554150263604693,-1.8339146358159146,,
2006-11-01,,-1.11895838106256,-0.967421566101701,-1.351702239930662,-1.1503493803760079,-0.967421566101701,-0.9345892910734802,-1.4395314709384563,,,-1.009990169249582,-1.318010897303537,-0.45376219016987945,-1.9599639845400545,-1.1503493803760079,,,,,,,,1.4121875789061644,,-1.2815515655446004,-1.9599639845400545,-0.5977601260424786,-1.8339146358159146,,
2006-12-01,,-1.11895838106256,-1.318010897303537,-1.351702239930662,-1.1503493803760079,-1.009990169249582,-1.4395314709384563,-1.4395314709384563,,,-1.009990169249582,-1.318010897303537,-0.45376219016987945,-1.4395314709384563,-1.1503493803760079,,,,,,,,-0.7164975001779913,,-1.2815515655446004,-1.1503493803760079,-0.31863936396437514,-1.8339146358159146,,
2007-01-01,,-1.1503493803760079,-1.318010897303537,-1.382994127100638,-1.1797611176118612,-1.318010897303537,-1.4395314709384563,-1.4395314709384563,,,-1.318010897303537,-1.8627318674216515,-0.18911842627279252,-1.4395314709384563,-1.1503493803760079,,,,,,,,-1.1503493803760079,,-1.8339146358159146,-1.9599639845400545,-0.7554150263604693,-1.8627318674216515,,
2007-02-01,,-1.1503493803760079,-1.318010897303537,-1.382994127100638,-1.1797611176118612,-1.318010897303537,-1.1797611176118612,-1.4395314709384563,,,-1.318010897303537,-1.8627318674216515,-0.9345892910734802,-1.4395314709384563,-1.4395314709384563,,,,,,,,-1.4395314709384563,,-1.8627318674216515,-1.9599639845400545,-0.7554150263604693,-1.8627318674216515,,
2007-03-01,,-1.4395314709384563,-1.318010897303537,-1.382994127100638,-1.465233792685523,-1.318010897303537,-1.465233792685523,-1.4395314709384563,,,-1.318010897303537,-1.8627318674216515,-1.9599639845400545,-1.4395314709384563,-1.1503493803760079,,-1.2815515655446004,,,,,,-1.4395314709384563,,-1.8627318674216515,-1.4395314709384563,-0.7554150263604693,-1.8627318674216515,,
2007-04-01,,-1.4395314709384563,-1.318010897303537,-1.9145058250555573,-1.465233792685523,-1.318010897303537,-1.465233792685523,-1.4395314709384563,,,-1.318010897303537,-1.8627318674216515,-1.9599639845400545,-1.4395314709384563,-1.1503493803760079,,-1.2815515655446004,,,,,,-1.4395314709384563,,-1.8627318674216515,-1.4395314709384563,-1.1503493803760079,-1.318010897303537,,
2007-05-01,,-1.4121875789061642,-1.2815515655446004,-1.351702239930662,-1.4395314709384563,-1.2815515655446004,-1.9599639845400545,-1.4121875789061642,,,-1.2815515655446004,-1.8339146358159146,-1.9379315108528288,-1.9379315108528288,-1.4121875789061642,,-1.2418667918433202,,,,,,-1.9379315108528288,,-1.8339146358159146,-1.9379315108528288,-1.4121875789061642,-1.8339146358159146,,
2007-06-01,,-1.4121875789061642,-1.2815515655446004,-1.351702239930662,-1.4395314709384563,-1.2815515655446004,-1.9599639845400545,-1.4121875789061642,,,-1.2815515655446004,-1.2815515655446004,-1.9379315108528288,-1.9379315108528288,-1.11895838106256,,-1.2418667918433202,,,,,,-1.9379315108528288,,-1.8339146358159146,-1.9379315108528288,-1.4121875789061642,-1.8339146358159146,,
2007-07-01,,-1.4121875789061642,-1.8339146358159146,-1.0491313979639707,-1.4395314709384563,-1.2815515655446004,-1.9599639845400545,-1.4121875789061642,,,-1.2815515655446004,-1.8339146358159146,-1.4121875789061642,-1.4121875789061642,-1.11895838106256,,-1.2418667918433202,,,,,,-1.9379315108528288,,-1.2815515655446004,-1.9379315108528288,-1.11895838106256,-1.8339146358159146,,
2007-08-01,,-1.4121875789061642,-1.8339146358159146,-1.88950996033343,-1.4395314709384563,-1.8339146358159146,-1.4395314709384563,-1.9599639845400545,,,-1.8339146358159146,-1.8627318674216515,-1.4121875789061642,-1.4121875789061642,-0.7164975001779913,,-1.2418667918433202,,,,,,-1.9379315108528288,,-1.2815515655446004,-1.4395314709384563,-0.7554150263604693,-1.2815515655446004,,
2007-09-01,,-1.4121875789061642,-1.8339146358159146,-1.88950996033343,-1.4395314709384563,-1.8339146358159146,-1.9599639845400545,-1.9599639845400545,,,-1.8339146358159146,-1.8627318674216515,-1.1503493803760079,-1.4395314709384563,-1.4395314709384563,,-1.2418667918433202,,,,,,-1.9379315108528288,,-0.967421566101701,-1.1503493803760079,-0.45376219016987945,-0.967421566101701,,
2007-10-01,,-1.4121875789061642,-1.8339146358159146,-1.88950996033343,-1.4395314709384563,-1.8339146358159146,-1.9599639845400545,-1.9599639845400545,,,-1.8339146358159146,-1.8627318674216515,-1.4395314709384563,-0.9345892910734802,-1.4395314709384563,,-1.2418667918433202,,,,,,-1.9379315108528288,,-0.967421566101701,-1.1503493803760079,-0.5977601260424786,-0.967421566101701,,
2007-11-01,,-1.4121875789061642,-1.8339146358159146,-1.88950996033343,-1.9599639845400545,-1.8339146358159146,-1.4395314709384563,-1.9599639845400545,,,-1.8627318674216515,-1.8627318674216515,-1.4395314709384563,-1.4395314709384563,-1.9599639845400545,,-1.2418667918433202,,,,,,-1.9379315108528288,,-0.7279132908816442,-0.7554150263604693,-0.9345892910734802,-0.967421566101701,,
2007-12-01,,-1.9379315108528288,-1.8627318674216515,-1.88950996033343,-1.9599639845400545,-1.8627318674216515,-1.9599639845400545,-1.9599639845400545,,,-1.8627318674216515,-1.8627318674216515,-1.4395314709384563,-1.1503493803760079,-1.4395314709384563,,-1.8027430907391904,,,,,,-1.9379315108528288,,-0.7279132908816442,-0.7554150263604693,-1.4395314709384563,-0.967421566101701,,
2008-01-01,,-1.9599639845400545,-1.8627318674216515,-1.9145058250555573,-1.9807523966472789,-1.8627318674216515,-1.9599639845400545,-1.9599639845400545,,,-1.8627318674216515,-1.318010897303537,-1.4395314709384563,-1.1503493803760079,-1.4395314709384563,,-1.8027430907391904,,,,,,-1.9599639845400545,,-0.7279132908816442,-0.45376219016987945,-0.9345892910734802,-1.009990169249582,,
2008-02-01,,-1.9599639845400545,-1.8627318674216515,-1.9145058250555573,-1.9807523966472789,-1.8627318674216515,-1.9807523966472789,-1.9599639845400545,,,-1.8627318674216515,-1.318010897303537,-0.7554150263604693,-1.1503493803760079,-1.1503493803760079,,-1.8027430907391904,,,,,,-1.9599639845400545,,-0.579132162255556,-0.5977601260424786,0.18911842627279238,-0.40225006532172536,,
2008-03-01,,-1.9599639845400545,-1.8627318674216515,-1.9145058250555573,-1.9807523966472789,-1.8627318674216515,-1.9807523966472789,-1.9599639845400545,,,-1.8627318674216515,-1.009990169249582,-0.9345892910734802,-1.9599639845400545,-1.4395314709384563,,-1.8339146358159146,,,,,,-1.9599639845400545,,-0.40225006532172536,-0.5977601260424786,-0.06270677794321385,-0.40225006532172536,,
2008-04-01,,-1.9599639845400545,-1.8627318674216515,-1.382994127100638,-1.9807523966472789,-1.8627318674216515,-0.6374841609623771,-1.9599639845400545,,,-1.8627318674216515,-1.009990169249582,-0.7554150263604693,-1.9599639845400545,-1.4395314709384563,,-1.8339146358159146,,,,,,-1.9599639845400545,,-0.7764217611479277,-0.9345892910734802,0.06270677794321357,-0.579132162255556,,
2008-05-01,,-1.9379315108528288,-1.8339146358159146,-1.88950996033343,-1.9599639845400545,-1.8339146358159146,-0.7554150263604693,-1.9379315108528288,,,-1.8339146358159146,-0.5244005127080409,-0.5549229427026537,-1.4121875789061642,-1.11895838106256,,-1.8027430907391904,,,,,,-1.4121875789061642,,-0.967421566101701,-0.7164975001779913,0.4067242518713638,-0.5244005127080409,,
2008-06-01,,-1.9379315108528288,-1.8339146358159146,-1.88950996033343,-1.9599639845400545,-1.8339146358159146,-0.7554150263604693,-1.9379315108528288,,,-1.8339146358159146,-0.7279132908816442,-0.13231285227617104,-0.899434907667234,-0.26699412540495254,,-1.8027430907391904,,,,,,-1.4121875789061642,,0.16789400478810546,-0.5549229427026537,0.7164975001779914,-0.5244005127080409,,
2008-07-01,,-1.9379315108528288,-1.2815515655446004,-1.88950996033343,-1.9599639845400545,-1.8339146358159146,-0.9345892910734802,-1.9379315108528288,,,-1.8339146358159146,-0.5244005127080409,-0.899434907667234,-0.7164975001779913,-0.899434907667234,,-1.8027430907391904,,,,,,-1.4121875789061642,,0.5244005127080407,0.5549229427026537,0.7164975001779914,0.0,,
2008-08-01,,-1.9379315108528288,-1.2815515655446004,-1.0491313979639707,-1.9599639845400545,-1.2815515655446004,-0.45376219016987945,-1.4395314709384563,,,-1.2815515655446004,-0.40225006532172536,-1.11895838106256,-0.4067242518713635,-0.899434907667234,,-1.8027430907391904,,,,,,-1.4121875789061642,,1.2815515655446004,0.4537621901698793,0.93458929107348,0.7279132908816441,,
2008-09-01,,-1.9379315108528288,-1.2815515655446004,-1.0491313979639707,-1.9599639845400545,-1.2815515655446004,-0.45376219016987945,-1.4395314709384563,,,-1.2815515655446004,-0.23720210932878769,-1.9599639845400545,-0.7554150263604693,-0.7554150263604693,,-1.8027430907391904,,,,,,-1.4121875789061642,,0.5244005127080407,0.31863936396437514,0.4537621901698793,0.3406948270877954,,
2008-10-01,,-1.9379315108528288,-1.2815515655446004,-1.0491313979639707,-1.9599639845400545,-1.2815515655446004,-0.45376219016987945,-1.1503493803760079,,,-1.2815515655446004,0.0784124127331122,-1.9599639845400545,-1.4395314709384563,-0.7554150263604693,,-1.8027430907391904,,,,,,-1.4121875789061642,,0.0,0.06270677794321357,0.18911842627279238,0.3406948270877954,,
2008-11-01,,-1.9379315108528288,-1.2815515655446004,-1.0491313979639707,-1.4395314709384563,-1.2815515655446004,-0.18911842627279252,-1.1503493803760079,,,-1.318010897303537,0.0784124127331122,-1.9599639845400545,-0.7554150263604693,-0.7554150263604693,,-1.8027430907391904,,,,,,-1.4121875789061642,,-0.3406948270877956,-0.31863936396437514,-0.06270677794321385,0.0,,
2008-12-01,,-1.4121875789061642,-1.009990169249582,-1.0491313979639707,-1.4395314709384563,-1.318010897303537,-0.06270677794321385,-1.1503493803760079,,,-1.318010897303537,0.0784124127331122,-1.9599639845400545,-0.5977601260424786,0.18911842627279238,,-1.2418667918433202,,,,,,-1.4121875789061642,,-0.16789400478810546,0.06270677794321357,0.4537621901698793,0.16789400478810546,,
2009-01-01,,-1.4395314709384563,-1.009990169249582,-0.35549041783953095,-1.465233792685523,-1.009990169249582,-0.18911842627279252,-0.31863936396437514,,,-0.579132162255556,0.7764217611479277,-0.9345892910734802,1.1503493803760079,0.7554150263604691,,-0.920822976368379,,,,,,-1.4395314709384563,,-0.3406948270877956,-0.06270677794321385,0.06270677794321357,0.7764217611479277,,
2009-02-01,,-1.4395314709384563,-1.009990169249582,0.06968492031845568,-1.465233792685523,-0.7764217611479277,-0.11964811303984217,-0.18911842627279252,,,-1.009990169249582,0.7764217611479277,-0.45376219016987945,0.7554150263604691,0.7554150263604691,,-0.6744897501960817,-1.7688250385187065,,,,,-1.1503493803760079,,0.40225006532172536,0.4537621901698793,0.5977601260424784,1.318010897303537,,
2009-03-01,,-0.9345892910734802,-0.579132162255556,-0.06968492031845568,-1.1797611176118612,-0.7764217611479277,-0.24104039388602685,-0.18911842627279252,,,-1.009990169249582,1.009990169249582,0.18911842627279238,-0.7554150263604693,0.7554150263604691,,-0.3406948270877956,-1.7688250385187065,,,,,-1.1503493803760079,,1.318010897303537,0.7554150263604691,1.1503493803760079,0.7764217611479277,,
2009-04-01,,-0.9345892910734802,-0.7764217611479277,-0.35549041783953095,-1.1797611176118612,-0.7764217611479277,-0.3661063568005698,-0.31863936396437514,,,-1.009990169249582,0.7764217611479277,0.93458929107348,0.93458929107348,0.7554150263604691,,-0.16789400478810546,-1.7688250385187065,,,,,-1.1503493803760079,,0.579132162255556,0.5977601260424784,0.7554150263604691,0.7764217611479277,,
2009-05-01,,-0.899434907667234,-0.3406948270877956,0.1479871097258389,-1.1503493803760079,-0.7279132908816442,-0.45376219016987945,0.0,,,-0.7279132908816442,0.7279132908816441,0.899434907667234,0.899434907667234,0.899434907667234,,-0.27188000539926105,-1.731664396122245,,,,,-1.11895838106256,,0.967421566101701,1.11895838106256,1.11895838106256,0.7279132908816441,,
2009-06-01,,-0.899434907667234,-0.3406948270877956,-0.1479871097258389,-1.1503493803760079,-0.7279132908816442,0.4537621901698793,0.5549229427026537,,,-0.7279132908816442,0.7279132908816441,0.7164975001779914,1.9379315108528297,1.9379315108528297,,-0.27188000539926105,-1.731664396122245,,,,,-1.11895838106256,,0.967421566101701,1.11895838106256,1.11895838106256,0.7279132908816441,,
2009-07-01,,-0.7164975001779913,-0.3406948270877956,0.2993069104656671,-0.9345892910734802,-0.7279132908816442,-0.31863936396437514,0.4067242518713638,,,-0.7279132908816442,0.7279132908816441,0.26699412540495254,1.9379315108528297,0.899434907667234,,0.27188000539926077,-1.731664396122245,,,,,-1.11895838106256,,0.7279132908816441,0.899434907667234,0.4067242518713638,0.7279132908816441,,
2009-08-01,,-0.5549229427026537,-0.16789400478810546,0.6289042176321896,-1.1503493803760079,-0.7279132908816442,0.31863936396437514,0.7554150263604691,,,-0.5244005127080409,0.7764217611479277,0.26699412540495254,1.9379315108528297,1.11895838106256,,0.27188000539926077,-0.8122178014999129,,,,,-1.11895838106256,,0.3406948270877954,0.31863936396437514,-0.5977601260424786,0.5244005127080407,,
2009-09-01,,-0.7164975001779913,0.0,0.6289042176321896,-0.9345892910734802,-0.7279132908816442,0.18911842627279238,0.7554150263604691,,,-0.5244005127080409,0.7764217611479277,0.31863936396437514,1.959963984540054,0.93458929107348,,0.27188000539926077,-0.8122178014999129,,,,,-1.11895838106256,,-0.7279132908816442,-0.5977601260424786,-0.9345892910734802,-0.3406948270877956,,
2009-10-01,,-0.7164975001779913,0.0,0.8207920883323803,-0.9345892910734802,-0.7279132908816442,-1.4395314709384563,0.7554150263604691,,,-0.5244005127080409,0.7764217611479277,0.06270677794321357,-0.45376219016987945,0.93458929107348,,0.4637077514571789,-1.1503493803760079,,,,,-1.11895838106256,,-1.2815515655446004,-0.9345892910734802,-1.4395314709384563,-0.5244005127080409,,
2009-11-01,,-0.7164975001779913,-0.16789400478810546,0.6289042176321896,-0.9345892910734802,-0.7279132908816442,-1.9599639845400545,0.7554150263604691,,,-0.579132162255556,0.7764217611479277,0.18911842627279238,0.31863936396437514,0.7554150263604691,,0.4637077514571789,-1.1503493803760079,,,,,-1.11895838106256,,-1.8339146358159146,-1.1503493803760079,-1.4395314709384563,-0.7279132908816442,,
2009-12-01,,-0.7164975001779913,-0.0784124127331122,0.6289042176321896,-0.9345892910734802,-0.7764217611479277,0.4537621901698793,0.93458929107348,,,-0.579132162255556,1.009990169249582,-0.18911842627279252,0.31863936396437514,0.7554150263604691,,0.27188000539926077,-1.1503493803760079,,,,,-1.11895838106256,,-1.8339146358159146,-1.4395314709384563,-0.9345892910734802,-0.7279132908816442,,
2010-01-01,,-0.7554150263604693,0.23720210932878769,0.3554904178395308,-0.967421566101701,-0.579132162255556,-0.06270677794321385,0.7554150263604691,,,-0.7764217611479277,1.009990169249582,0.4537621901698793,0.5977601260424784,0.4537621901698793,,0.4637077514571789,-1.1503493803760079,,,,,-0.9345892910734802,,0.5244005127080407,-1.1503493803760079,-0.31863936396437514,-0.0784124127331122,,
2010-02-01,,-0.5977601260424786,0.0784124127331122,0.3554904178395308,-0.967421566101701,-0.40225006532172536,-0.24104039388602685,0.7554150263604691,,,-0.579132162255556,0.579132162255556,0.5977601260424784,-0.7554150263604693,0.31863936396437514,,0.08964235107576254,-1.1983797023069247,,,,,-0.7554150263604693,,-0.40225006532172536,-0.18911842627279252,0.06270677794321357,-0.0784124127331122,,
2010-03-01,,-0.7554150263604693,-0.23720210932878769,0.06968492031845568,-0.7916386077433746,-0.40225006532172536,0.1196481130398419,0.5977601260424784,,,-0.579132162255556,0.7764217611479277,1.959963984540054,0.5977601260424784,0.31863936396437514,,0.3406948270877954,-1.1983797023069247,,,,,-0.9345892910734802,,-0.0784124127331122,-0.18911842627279252,0.18911842627279238,0.23720210932878769,,
2010-04-01,,-0.7554150263604693,-0.23720210932878769,0.6744897501960817,-0.7916386077433746,-0.579132162255556,0.1196481130398419,0.5977601260424784,,,-0.579132162255556,1.009990169249582,1.4395314709384557,0.5977601260424784,1.959963984540054,,0.3406948270877954,-1.1983797023069247,,,,,-0.7554150263604693,,-0.0784124127331122,-0.18911842627279252,0.18911842627279238,0.23720210932878769,,
2010-05-01,,-0.7164975001779913,0.0,0.2993069104656671,-0.7554150263604693,-0.5244005127080409,0.5977601260424784,0.5549229427026537,,,-0.5244005127080409,0.967421566101701,1.4121875789061644,0.5549229427026537,0.5549229427026537,,0.4637077514571789,-0.8122178014999129,,,,,-0.7164975001779913,,-0.16789400478810546,-0.26699412540495254,0.0,-0.16789400478810546,,
2010-06-01,,0.26699412540495254,0.5244005127080407,0.6289042176321896,-0.7554150263604693,0.3406948270877954,0.31863936396437514,0.4067242518713638,,,0.0,1.2815515655446004,1.9379315108528297,0.5549229427026537,0.5549229427026537,,0.4637077514571789,-0.8122178014999129,,,,,-0.899434907667234,,0.5244005127080407,0.7164975001779914,0.899434907667234,0.3406948270877954,,
2010-07-01,,0.26699412540495254,0.5244005127080407,0.8207920883323803,-0.7554150263604693,0.3406948270877954,0.4537621901698793,0.26699412540495254,,,-0.16789400478810546,1.2815515655446004,1.4121875789061644,0.5549229427026537,1.11895838106256,,0.4637077514571789,-0.8122178014999129,,,,,-0.4067242518713635,,0.3406948270877954,0.13231285227617132,0.26699412540495254,0.16789400478810546,,
2010-08-01,,0.13231285227617132,0.5244005127080407,0.45785193101249516,-0.5977601260424786,0.3406948270877954,0.93458929107348,0.18911842627279238,,,0.0,1.009990169249582,1.9379315108528297,1.11895838106256,1.4121875789061644,,0.4637077514571789,-0.5485222826980979,,,,,-0.899434907667234,,0.7279132908816441,-0.06270677794321385,-0.18911842627279252,-0.3406948270877956,,
2010-09-01,,0.13231285227617132,0.5244005127080407,1.351702239930661,-0.31863936396437514,0.3406948270877954,0.06270677794321357,1.1503493803760079,,,0.0,0.0784124127331122,1.959963984540054,1.1503493803760079,1.1503493803760079,,0.4637077514571789,-0.5485222826980979,,,,,-0.899434907667234,,1.2815515655446004,0.5977601260424784,0.7554150263604691,0.967421566101701,,
2010-10-01,,0.13231285227617132,0.5244005127080407,1.351702239930661,-0.45376219016987945,0.3406948270877954,1.1503493803760079,1.1503493803760079,,,0.0,1.009990169249582,1.959963984540054,1.4395314709384557,1.1503493803760079,,0.6744897501960815,-0.5485222826980979,,,,,-0.899434907667234,,0.967421566101701,0.5977601260424784,0.93458929107348,0.967421566101701,,
2010-11-01,,0.13231285227617132,0.5244005127080407,1.0491313979639707,-0.31863936396437514,0.3406948270877954,1.4395314709384557,1.1503493803760079,,,0.40225006532172536,1.009990169249582,1.959963984540054,1.4395314709384557,1.1503493803760079,,0.6744897501960815,-0.5485222826980979,,,,,-0.899434907667234,,1.2815515655446004,0.7554150263604691,1.4395314709384557,1.8339146358159146,,
2010-12-01,,0.0,0.7764217611479277,1.0491313979639707,-0.31863936396437514,0.7764217611479277,1.4395314709384557,1.1503493803760079,,,0.579132162255556,1.318010897303537,1.959963984540054,1.4395314709384557,1.4395314709384557,,0.9208229763683788,-1.731664396122245,,,,,-0.4067242518713635,,1.8339146358159146,1.1503493803760079,1.1503493803760079,1.8339146358159146,,
2011-01-01,,0.18911842627279238,1.009990169249582,1.382994127100638,0.3661063568005698,0.7764217611479277,1.959963984540054,0.93458929107348,,,0.579132162255556,1.318010897303537,1.959963984540054,1.4395314709384557,1.1503493803760079,,0.9208229763683788,-0.31863936396437503,,,,,-0.5977601260424786,,1.2815515655446004,0.93458929107348,1.959963984540054,1.8627318674216515,,
2011-02-01,,0.5977601260424784,0.7764217611479277,1.0853249080767586,0.6374841609623768,0.7764217611479277,1.1797611176118612,1.4395314709384557,,,0.7764217611479277,1.318010897303537,1.959963984540054,1.959963984540054,1.1503493803760079,,0.9208229763683788,0.3957252958144873,,,,,0.06270677794321357,,1.318010897303537,1.1503493803760079,1.959963984540054,1.8627318674216515,,
2011-03-01,,0.7554150263604691,0.7764217611479277,1.0853249080767586,0.6374841609623768,0.7764217611479277,0.7916386077433746,1.4395314709384557,,,0.579132162255556,1.318010897303537,1.4395314709384557,1.4395314709384557,1.4395314709384557,,1.2815515655446004,0.8694237732888861,,,,,-0.06270677794321385,,1.009990169249582,1.4395314709384557,0.93458929107348,1.8627318674216515,,
2011-04-01,,0.93458929107348,1.009990169249582,1.0853249080767586,0.7916386077433746,0.7764217611479277,0.967421566101701,1.1503493803760079,,,0.7764217611479277,1.8627318674216515,1.959963984540054,1.959963984540054,1.4395314709384557,,1.2815515655446004,0.8694237732888861,,,,,-0.18911842627279252,,1.318010897303537,1.1503493803760079,1.1503493803760079,1.8627318674216515,,
2011-05-01,,0.899434907667234,1.2815515655446004,1.0491313979639707,0.7554150263604691,0.7279132908816441,1.1503493803760079,1.11895838106256,,,0.7279132908816441,1.8339146358159146,1.11895838106256,1.9379315108528297,1.9379315108528297,,1.8027430907391908,0.10463345561407526,,,,,-0.26699412540495254,,1.8339146358159146,0.7164975001779914,0.5549229427026537,0.5244005127080407,,
2011-06-01,,0.899434907667234,0.967421566101701,1.0491313979639707,0.93458929107348,0.7279132908816441,1.1503493803760079,0.7164975001779914,,,0.7279132908816441,0.5244005127080407,0.899434907667234,0.899434907667234,1.11895838106256,,1.2418667918433202,0.31863936396437514,,,,,-0.26699412540495254,,0.3406948270877954,0.26699412540495254,-0.13231285227617104,0.16789400478810546,,
2011-07-01,,0.899434907667234,0.7279132908816441,1.0491313979639707,1.1503493803760079,0.5244005127080407,1.4395314709384557,0.5549229427026537,,,0.7279132908816441,0.5244005127080407,0.899434907667234,1.4121875789061644,1.4121875789061644,,1.8027430907391908,0.10463345561407526,,,,,0.4067242518713638,,-0.16789400478810546,-0.26699412540495254,-0.13231285227617104,-0.3406948270877956,,
2011-08-01,,0.7164975001779914,0.7279132908816441,0.8207920883323803,0.93458929107348,0.5244005127080407,1.4395314709384557,1.1503493803760079,,,0.7279132908816441,0.579132162255556,0.899434907667234,0.4067242518713638,0.7164975001779914,,0.9208229763683788,-0.10463345561407512,,,,,-0.26699412540495254,,-0.3406948270877956,-0.31863936396437514,0.18911842627279238,-0.16789400478810546,,
2011-09-01,0.38532046640756773,0.5549229427026537,0.7279132908816441,0.8207920883323803,0.93458929107348,0.5244005127080407,1.1503493803760079,0.93458929107348,,,0.7279132908816441,0.579132162255556,0.93458929107348,0.18911842627279238,0.5977601260424784,,0.9208229763683788,-0.10463345561407512,,,,,-0.26699412540495254,,0.967421566101701,-0.45376219016987945,0.06270677794321357,-0.16789400478810546,,
2011-10-01,0.12566134685507388,0.26699412540495254,0.7279132908816441,0.45785193101249516,0.93458929107348,0.7279132908816441,1.4395314709384557,0.4537621901698793,,,0.7279132908816441,0.579132162255556,0.93458929107348,0.31863936396437514,0.7554150263604691,,1.8027430907391908,-0.10463345561407512,,,,,-0.26699412540495254,,0.16789400478810546,-0.45376219016987945,1.959963984540054,-0.3406948270877956,,
2011-11-01,0.38532046640756773,0.4067242518713638,0.7279132908816441,0.2993069104656671,0.93458929107348,0.7279132908816441,0.93458929107348,0.93458929107348,,,0.7764217611479277,0.579132162255556,1.4395314709384557,0.7554150263604691,0.4537621901698793,,0.9208229763683788,0.5485222826980981,,,,,-0.4067242518713635,,-0.967421566101701,1.959963984540054,1.1503493803760079,-0.3406948270877956,,
2011-12-01,0.38532046640756773,0.13231285227617132,0.579132162255556,0.0,0.93458929107348,0.40225006532172536,0.7554150263604691,0.06270677794321357,,,0.7764217611479277,0.579132162255556,0.93458929107348,0.7554150263604691,0.5977601260424784,,0.6744897501960815,0.5485222826980981,,,,,0.0,,-0.5244005127080409,-0.45376219016987945,-0.18911842627279252,-0.16789400478810546,,
2012-01-01,-0.12566134685507416,0.06270677794321357,0.40225006532172536,-0.06968492031845568,0.967421566101701,0.0784124127331122,1.1503493803760079,0.06270677794321357,,,0.7764217611479277,0.0784124127331122,1.1503493803760079,-0.06270677794321385,0.18911842627279238,,0.6744897501960815,0.5485222826980981,,,,,-0.45376219016987945,,-0.967421566101701,-0.18911842627279252,0.31863936396437514,-0.40225006532172536,,
2012-02-01,-0.6744897501960817,0.31863936396437514,0.40225006532172536,-0.5084880591093566,0.967421566101701,0.23720210932878769,0.49720057068155404,-0.06270677794321385,,,0.579132162255556,0.23720210932878769,0.93458929107348,-0.18911842627279252,-0.06270677794321385,,0.6744897501960815,0.8694237732888861,,,,,-0.06270677794321385,,-0.7764217611479277,-0.9345892910734802,-1.1503493803760079,-0.7764217611479277,,
2012-03-01,-1.0364333894937898,-0.06270677794321385,0.40225006532172536,-0.6744897501960817,0.967421566101701,0.23720210932878769,0.24104039388602685,-0.06270677794321385,,,0.40225006532172536,0.23720210932878769,0.7554150263604691,-0.18911842627279252,0.06270677794321357,0.6744897501960817,0.5244005127080407,0.3957252958144873,,,,,-0.5977601260424786,,-1.318010897303537,-1.1503493803760079,-1.4395314709384563,-0.7764217611479277,,
2012-04-01,1.0364333894937898,0.06270677794321357,0.40225006532172536,-0.6744897501960817,0.6374841609623768,0.0784124127331122,0.24104039388602685,-0.18911842627279252,,,0.40225006532172536,0.23720210932878769,0.5977601260424784,-0.18911842627279252,0.18911842627279238,0.38532046640756773,0.5244005127080407,0.3957252958144873,,,,,-0.45376219016987945,,-1.318010897303537,-1.1503493803760079,-1.4395314709384563,-1.009990169249582,,
2012-05-01,0.5894557978497783,0.0,0.16789400478810546,-0.6289042176321898,0.5977601260424784,0.0,-0.06270677794321385,-0.4067242518713635,,,0.3406948270877954,0.0,0.7164975001779914,0.0,0.0,0.0,0.27188000539926077,0.31863936396437514,,,,,-0.5549229427026537,,-0.5244005127080409,-1.11895838106256,-0.7164975001779913,-0.7279132908816442,,
2012-06-01,0.5894557978497783,-0.4067242518713635,0.0,-0.8207920883323805,0.4537621901698793,-0.16789400478810546,-0.31863936396437514,-0.26699412540495254,,,0.3406948270877954,0.0,1.11895838106256,0.0,-0.13231285227617104,0.5894557978497783,0.27188000539926077,0.10463345561407526,,,,,-0.5549229427026537,,-0.7279132908816442,-0.899434907667234,-0.7164975001779913,-0.7279132908816442,,
2012-07-01,0.5894557978497783,-0.13231285227617104,0.0,-0.8207920883323805,0.5977601260424784,-0.16789400478810546,-0.06270677794321385,-0.7164975001779913,,,0.3406948270877954,0.0,1.11895838106256,-0.13231285227617104,-0.13231285227617104,0.0,0.08964235107576254,0.31863936396437514,,,,,0.13231285227617132,,-0.5244005127080409,-0.7164975001779913,0.0,0.3406948270877954,,
2012-08-01,0.0,-0.4067242518713635,0.0,-0.8207920883323805,0.4537621901698793,-0.3406948270877956,-0.31863936396437514,-0.7554150263604693,,,0.3406948270877954,-0.579132162255556,0.7164975001779914,0.0,0.0,0.0,0.08964235107576254,0.5485222826980981,,,,,-0.4067242518713635,,-0.5244005127080409,-0.45376219016987945,0.4537621901698793,0.3406948270877954,,
2012-09-01,-0.12566134685507416,-0.5549229427026537,-0.16789400478810546,-0.6289042176321898,0.4537621901698793,-0.3406948270877956,-0.18911842627279252,-0.7554150263604693,,,0.3406948270877954,-0.579132162255556,1.1503493803760079,-0.06270677794321385,-0.18911842627279252,0.0,-0.08964235107576268,0.31863936396437514,,,,,-0.4067242518713635,,-0.16789400478810546,-0.06270677794321385,0.93458929107348,0.7279132908816441,,
2012-10-01,-0.6744897501960817,-0.4067242518713635,-0.16789400478810546,-0.8207920883323805,-0.06270677794321385,-0.3406948270877956,0.06270677794321357,-0.31863936396437514,,,0.16789400478810546,-0.579132162255556,1.1503493803760079,-0.06270677794321385,-0.18911842627279252,0.0,-0.08964235107576268,0.10463345561407526,,,,,-0.4067242518713635,,0.3406948270877954,0.31863936396437514,1.4395314709384557,0.7279132908816441,,
2012-11-01,-0.38532046640756773,-0.4067242518713635,0.0,-0.8207920883323805,-0.06270677794321385,-0.3406948270877956,-0.06270677794321385,-0.06270677794321385,,,0.0784124127331122,-0.579132162255556,1.1503493803760079,-0.31863936396437514,-0.18911842627279252,-0.28221614706250825,-0.27188000539926105,0.10463345561407526,,,,,-0.26699412540495254,,0.3406948270877954,0.31863936396437514,0.5977601260424784,0.5244005127080407,,
2012-12-01,-0.38532046640756773,-0.4067242518713635,0.0784124127331122,-0.8207920883323805,0.06270677794321357,-0.40225006532172536,-0.7554150263604693,-0.31863936396437514,,,0.23720210932878769,-0.579132162255556,1.1503493803760079,-0.06270677794321385,-0.31863936396437514,-0.28221614706250825,-0.27188000539926105,-0.10463345561407512,,,,,0.13231285227617132,,0.3406948270877954,0.18911842627279238,0.7554150263604691,0.5244005127080407,,
2013-01-01,-0.38532046640756773,-0.45376219016987945,-0.0784124127331122,-0.8616341201741723,0.1196481130398419,-0.40225006532172536,-0.45376219016987945,-0.18911842627279252,,,0.0784124127331122,-0.40225006532172536,1.4395314709384557,-0.5977601260424786,-0.45376219016987945,-0.28221614706250825,-0.27188000539926105,-0.10463345561407512,,,,,-0.31863936396437514,,0.16789400478810546,0.18911842627279238,0.5977601260424784,0.23720210932878769,,
2013-02-01,-0.12566134685507416,-0.45376219016987945,-0.0784124127331122,-0.8616341201741723,-0.11964811303984217,-0.579132162255556,-0.3661063568005698,-0.5977601260424786,,,0.0784124127331122,-0.579132162255556,1.1503493803760079,-0.31863936396437514,-0.31863936396437514,-0.28221614706250825,-0.08964235107576268,0.0,,,,,0.18911842627279238,,0.23720210932878769,0.31863936396437514,0.93458929107348,0.579132162255556,,
2013-03-01,0.38532046640756773,-0.5977601260424786,-0.0784124127331122,-0.8616341201741723,0.1196481130398419,-0.579132162255556,-0.3661063568005698,-0.9345892910734802,,,-0.0784124127331122,-0.7764217611479277,0.93458929107348,-0.06270677794321385,-0.31863936396437514,-0.12566134685507416,0.0,0.0,,,,,-0.31863936396437514,,0.0784124127331122,-0.06270677794321385,1.4395314709384557,0.579132162255556,,
2013-04-01,0.12566134685507388,-0.45376219016987945,0.0784124127331122,-0.8616341201741723,0.0,-0.40225006532172536,0.0,-0.06270677794321385,,,-0.0784124127331122,0.0784124127331122,1.1503493803760079,0.18911842627279238,-0.31863936396437514,-0.6744897501960817,0.0,0.0,,,,,0.06270677794321357,,0.0784124127331122,-0.45376219016987945,1.959963984540054,1.318010897303537,,
2013-05-01,-0.28221614706250825,-0.5549229427026537,0.3406948270877954,-0.8207920883323805,-0.18911842627279252,0.16789400478810546,-0.5977601260424786,-0.26699412540495254,,,0.16789400478810546,0.16789400478810546,1.9379315108528297,0.7164975001779914,0.26699412540495254,-0.28221614706250825,-0.08964235107576268,-0.10463345561407512,,,,,0.13231285227617132,,0.0,-0.13231285227617104,1.9379315108528297,1.8339146358159146,,
2013-06-01,-0.28221614706250825,-0.7164975001779913,0.16789400478810546,-0.6289042176321898,0.18911842627279238,0.0,-0.06270677794321385,-0.13231285227617104,,,0.16789400478810546,0.16789400478810546,1.4121875789061644,1.4121875789061644,0.4067242518713638,-0.28221614706250825,-0.08964235107576268,-0.10463345561407512,,,,,0.13231285227617132,,0.0,-0.13231285227617104,1.9379315108528297,1.8339146358159146,,
2013-07-01,-0.5894557978497783,-0.26699412540495254,0.16789400478810546,-0.2993069104656671,0.06270677794321357,0.0,-0.18911842627279252,-0.13231285227617104,,,0.16789400478810546,-0.7279132908816442,1.9379315108528297,0.899434907667234,0.5549229427026537,-0.28221614706250825,-0.27188000539926105,-0.10463345561407512,,,,,0.7164975001779914,,0.0,0.4067242518713638,1.4121875789061644,1.8339146358159146,,
2013-08-01,-0.5894557978497783,-0.26699412540495254,0.16789400478810546,-0.1479871097258389,-0.06270677794321385,0.0,0.06270677794321357,-0.06270677794321385,,,0.16789400478810546,0.23720210932878769,1.4121875789061644,0.7164975001779914,0.5549229427026537,-0.28221614706250825,-0.27188000539926105,0.10463345561407526,,,,,0.5549229427026537,,0.0,0.93458929107348,1.1503493803760079,1.8339146358159146,,
2013-09-01,-0.6744897501960817,-0.4067242518713635,0.16789400478810546,-0.8207920883323805,-0.06270677794321385,0.0,-0.31863936396437514,-0.06270677794321385,,,0.16789400478810546,0.23720210932878769,1.4395314709384557,0.31863936396437514,0.7554150263604691,-0.28221614706250825,0.08964235107576254,0.10463345561407526,,,,,0.13231285227617132,,0.0,1.1503493803760079,1.4395314709384557,1.8339146358159146,,
2013-10-01,-0.38532046640756773,-0.26699412540495254,0.16789400478810546,-0.6289042176321898,0.06270677794321357,-0.16789400478810546,0.18911842627279238,-0.06270677794321385,,,0.3406948270877954,0.23720210932878769,1.4395314709384557,0.5977601260424784,0.18911842627279238,-0.28221614706250825,0.08964235107576254,0.5485222826980981,,,,,0.26699412540495254,,-0.16789400478810546,0.93458929107348,0.5977601260424784,0.5244005127080407,,
2013-11-01,-0.6744897501960817,-0.5549229427026537,0.16789400478810546,-0.6289042176321898,0.06270677794321357,0.16789400478810546,-0.31863936396437514,-0.18911842627279252,,,0.23720210932878769,0.23720210932878769,0.93458929107348,-0.06270677794321385,0.18911842627279238,0.0,0.08964235107576254,-0.10463345561407512,,,,,0.0,,-0.16789400478810546,0.06270677794321357,-0.18911842627279252,0.3406948270877954,,
2013-12-01,0.12566134685507388,-0.5549229427026537,0.40225006532172536,-0.45785193101249505,-0.18911842627279252,0.23720210932878769,0.31863936396437514,-0.06270677794321385,,,0.0784124127331122,0.23720210932878769,0.7554150263604691,0.4537621901698793,0.31863936396437514,0.0,0.08964235107576254,0.10463345561407526,,,,,0.5549229427026537,,-0.3406948270877956,1.4395314709384557,0.06270677794321357,0.3406948270877954,,
2014-01-01,0.38532046640756773,-0.5977601260424786,0.579132162255556,-0.6744897501960817,-0.49720057068155404,0.579132162255556,0.7554150263604691,-0.06270677794321385,,,0.40225006532172536,0.40225006532172536,0.5977601260424784,0.93458929107348,0.31863936396437514,0.28221614706250825,0.08964235107576254,0.10463345561407526,,,,,0.31863936396437514,,0.7279132908816441,1.959963984540054,1.4395314709384557,1.318010897303537,,
2014-02-01,0.6744897501960817,0.06270677794321357,1.009990169249582,-0.21042839424792484,-0.6374841609623771,0.579132162255556,0.7916386077433746,0.18911842627279238,,,0.40225006532172536,1.009990169249582,1.4395314709384557,1.1503493803760079,0.5977601260424784,0.28221614706250825,0.4637077514571789,0.19402814242392646,,,,,1.1503493803760079,,1.8627318674216515,1.959963984540054,1.4395314709384557,1.009990169249582,,
2014-03-01,-0.38532046640756773,0.18911842627279238,1.009990169249582,0.3554904178395308,0.49720057068155404,0.579132162255556,1.1797611176118612,0.7554150263604691,,,1.009990169249582,1.8627318674216515,1.1503493803760079,1.1503493803760079,0.93458929107348,0.38532046640756773,0.7279132908816441,0.19402814242392646,,,,,1.4395314709384557,,1.8627318674216515,1.959963984540054,1.959963984540054,1.318010897303537,,0.887146559018876
2014-04-01,0.38532046640756773,0.31863936396437514,0.7764217611479277,0.3554904178395308,0.3661063568005698,1.009990169249582,0.7916386077433746,0.7554150263604691,,,1.009990169249582,1.318010897303537,0.7554150263604691,1.4395314709384557,0.5977601260424784,0.6744897501960817,0.967421566101701,0.6151411045959733,,,,,0.4537621901698793,,1.8627318674216515,1.959963984540054,1.4395314709384557,1.009990169249582,,0.887146559018876
2014-05-01,-0.5894557978497783,0.4067242518713638,0.7279132908816441,0.45785193101249516,0.4537621901698793,0.967421566101701,0.93458929107348,0.899434907667234,,,0.967421566101701,1.2815515655446004,0.5549229427026537,1.4121875789061644,1.11895838106256,0.5894557978497783,0.9208229763683788,0.8122178014999133,0.7916386077433749,,1.465233792685523,,0.5549229427026537,0.3661063568005698,1.2815515655446004,1.9379315108528297,1.4121875789061644,1.2815515655446004,,0.3661063568005698
2014-06-01,-0.967421566101701,0.5549229427026537,0.7279132908816441,0.45785193101249516,0.06270677794321357,0.967421566101701,-0.45376219016987945,1.4121875789061644,,,0.967421566101701,1.8339146358159146,0.5549229427026537,1.11895838106256,1.4121875789061644,0.28221614706250825,0.9208229763683788,0.8122178014999133,0.0,,0.7916386077433749,,0.5549229427026537,0.3661063568005698,1.2815515655446004,1.9379315108528297,0.5549229427026537,1.2815515655446004,,0.7916386077433749
2014-07-01,1.59321881802305,0.5549229427026537,1.2815515655446004,0.6289042176321896,-0.5977601260424786,1.2815515655446004,-0.45376219016987945,1.4121875789061644,,,0.967421566101701,1.8339146358159146,0.0,1.11895838106256,1.9379315108528297,0.5894557978497783,0.9208229763683788,0.8122178014999133,-0.7916386077433746,,0.7916386077433749,,1.4121875789061644,0.3661063568005698,1.2815515655446004,1.4121875789061644,1.11895838106256,1.2815515655446004,,0.7916386077433749
2014-08-01,0.5894557978497783,0.899434907667234,1.2815515655446004,1.351702239930661,1.1503493803760079,1.8339146358159146,-0.18911842627279252,1.4395314709384557,,,0.967421566101701,1.8627318674216515,1.11895838106256,1.4121875789061644,1.9379315108528297,0.5894557978497783,1.2418667918433202,0.8122178014999133,-1.465233792685523,,0.3661063568005698,,1.9379315108528297,0.7916386077433749,1.8339146358159146,1.959963984540054,1.959963984540054,1.2815515655446004,,0.7916386077433749
2014-09-01,1.0364333894937898,0.899434907667234,1.2815515655446004,0.2993069104656671,1.1503493803760079,1.8339146358159146,0.31863936396437514,1.4395314709384557,,,0.967421566101701,1.318010897303537,0.7554150263604691,0.93458929107348,1.959963984540054,0.9674215661017008,1.2418667918433202,0.8122178014999133,-1.465233792685523,,0.3661063568005698,,0.7164975001779914,0.0,1.8339146358159146,1.959963984540054,1.959963984540054,1.2815515655446004,,0.7916386077433749
2014-10-01,1.0364333894937898,0.899434907667234,1.2815515655446004,0.2993069104656671,1.1503493803760079,1.8339146358159146,0.7554150263604691,1.4395314709384557,,,1.2815515655446004,1.8627318674216515,0.7554150263604691,1.1503493803760079,1.4395314709384557,0.9674215661017008,0.9208229763683788,0.8122178014999133,0.3661063568005698,,0.3661063568005698,,0.5549229427026537,0.3661063568005698,1.8339146358159146,1.959963984540054,0.7554150263604691,1.8339146358159146,,0.7916386077433749
2014-11-01,0.12566134685507388,1.11895838106256,1.2815515655446004,0.8207920883323803,1.4395314709384557,1.8339146358159146,1.959963984540054,1.4395314709384557,,,1.318010897303537,1.8627318674216515,0.5977601260424784,1.959963984540054,0.93458929107348,0.9674215661017008,1.8027430907391908,1.1503493803760088,1.465233792685523,,0.7916386077433749,,0.7164975001779914,0.7916386077433749,1.8339146358159146,1.4395314709384557,1.959963984540054,1.2815515655446004,,1.465233792685523
2014-12-01,-0.12566134685507416,1.4121875789061644,1.318010897303537,0.8207920883323803,1.4395314709384557,1.8627318674216515,1.959963984540054,1.4395314709384557,,,1.8627318674216515,1.8627318674216515,1.4395314709384557,1.959963984540054,1.1503493803760079,1.59321881802305,1.8027430907391908,0.8122178014999133,1.465233792685523,,1.465233792685523,,1.9379315108528297,0.7916386077433749,1.2815515655446004,0.7554150263604691,1.959963984540054,1.2815515655446004,,1.465233792685523
2015-01-01,0.12566134685507388,1.1503493803760079,1.8627318674216515,0.6744897501960817,1.4652337926855223,1.8627318674216515,0.06270677794321357,1.959963984540054,,1.465233792685523,1.8627318674216515,1.8627318674216515,0.7554150263604691,1.959963984540054,1.959963984540054,1.59321881802305,1.8027430907391908,1.1503493803760088,1.465233792685523,,1.465233792685523,,0.7554150263604691,1.465233792685523,0.967421566101701,0.7554150263604691,1.1503493803760079,1.009990169249582,,1.465233792685523
2015-02-01,0.38532046640756773,1.1503493803760079,1.8627318674216515,0.8616341201741718,1.9807523966472789,1.8627318674216515,1.4652337926855223,1.959963984540054,,1.465233792685523,1.8627318674216515,1.8627318674216515,0.7554150263604691,1.4395314709384557,1.959963984540054,1.59321881802305,1.8027430907391908,1.7688250385187065,1.465233792685523,,1.465233792685523,,1.959963984540054,1.465233792685523,1.009990169249582,0.93458929107348,1.1503493803760079,0.7764217611479277,,1.465233792685523
2015-03-01,0.6744897501960817,1.1503493803760079,1.8627318674216515,0.8616341201741718,1.9807523966472789,1.8627318674216515,1.4652337926855223,1.959963984540054,,1.465233792685523,1.8627318674216515,0.579132162255556,0.5977601260424784,1.959963984540054,1.959963984540054,1.6448536269514722,1.8339146358159146,1.7688250385187065,1.465233792685523,,1.465233792685523,,1.959963984540054,0.7916386077433749,0.579132162255556,1.1503493803760079,0.7554150263604691,1.009990169249582,,1.5341205443525463
2015-04-01,-1.6448536269514729,1.1503493803760079,1.8627318674216515,0.8616341201741718,1.9807523966472789,1.8627318674216515,1.1797611176118612,1.959963984540054,,1.465233792685523,1.8627318674216515,0.579132162255556,0.4537621901698793,1.1503493803760079,0.93458929107348,1.6448536269514722,1.8339146358159146,1.7688250385187065,1.465233792685523,,0.7916386077433749,,0.7554150263604691,1.465233792685523,0.40225006532172536,1.4395314709384557,0.5977601260424784,0.40225006532172536,,1.5341205443525463
2015-05-01,-1.5932188180230507,1.4121875789061644,1.8339146358159146,0.8207920883323803,1.959963984540054,1.8339146358159146,1.4395314709384557,1.9379315108528297,,1.382994127100638,1.8339146358159146,0.5244005127080407,0.26699412540495254,1.11895838106256,0.7164975001779914,1.59321881802305,1.2418667918433202,1.7316643961222453,1.465233792685523,,0.7916386077433749,,0.7164975001779914,1.465233792685523,0.3406948270877954,0.899434907667234,0.26699412540495254,0.3406948270877954,,1.465233792685523
2015-06-01,-1.5932188180230507,1.4121875789061644,1.8339146358159146,0.8207920883323803,1.959963984540054,1.8339146358159146,1.959963984540054,1.9379315108528297,1.382994127100638,1.382994127100638,1.8339146358159146,0.967421566101701,0.13231285227617132,0.7164975001779914,0.7164975001779914,1.59321881802305,1.8027430907391908,1.7316643961222453,1.465233792685523,,1.465233792685523,,0.7164975001779914,1.465233792685523,-0.16789400478810546,0.0,-0.26699412540495254,0.0,,1.465233792685523
2015-07-01,-0.967421566101701,1.4121875789061644,1.8339146358159146,0.45785193101249516,1.959963984540054,1.8339146358159146,1.959963984540054,1.9379315108528297,1.382994127100638,1.382994127100638,1.8339146358159146,0.967421566101701,0.7164975001779914,0.7164975001779914,0.4067242518713638,1.59321881802305,1.2418667918433202,1.7316643961222453,1.465233792685523,,1.465233792685523,,1.9379315108528297,1.465233792685523,-0.967421566101701,-0.5549229427026537,-0.899434907667234,-0.7279132908816442,,1.465233792685523
2015-08-01,-0.967421566101701,1.4121875789061644,1.8339146358159146,0.2993069104656671,1.959963984540054,1.2815515655446004,1.959963984540054,1.959963984540054,1.382994127100638,1.382994127100638,1.8339146358159146,1.318010897303537,0.4067242518713638,0.5549229427026537,0.4067242518713638,1.59321881802305,1.8027430907391908,1.7316643961222453,1.465233792685523,,1.465233792685523,,1.4121875789061644,1.465233792685523,-0.967421566101701,-0.7554150263604693,-0.45376219016987945,-0.5244005127080409,,1.465233792685523
2015-09-01,-1.0364333894937898,1.4121875789061644,1.8339146358159146,0.45785193101249516,1.959963984540054,1.2815515655446004,1.4395314709384557,1.959963984540054,1.382994127100638,1.382994127100638,1.8339146358159146,1.009990169249582,0.18911842627279238,0.7554150263604691,0.4537621901698793,1.59321881802305,1.8027430907391908,1.7316643961222453,0.3661063568005698,,0.7916386077433749,,0.5549229427026537,1.465233792685523,-1.2815515655446004,-0.18911842627279252,-0.5977601260424786,-0.5244005127080409,,1.465233792685523
2015-10-01,-1.6448536269514729,1.4121875789061644,1.8339146358159146,0.6289042176321896,1.959963984540054,1.2815515655446004,1.959963984540054,1.959963984540054,1.382994127100638,1.382994127100638,1.8339146358159146,1.318010897303537,0.31863936396437514,0.93458929107348,0.5977601260424784,1.59321881802305,1.2418667918433202,1.7316643961222453,1.465233792685523,,1.465233792685523,,0.7164975001779914,1.465233792685523,-0.7279132908816442,-0.31863936396437514,-0.45376219016987945,-0.7279132908816442,,1.465233792685523
2015-11-01,-1.6448536269514729,1.4121875789061644,1.8339146358159146,0.45785193101249516,1.959963984540054,1.2815515655446004,1.1503493803760079,1.959963984540054,1.382994127100638,1.382994127100638,1.8627318674216515,1.318010897303537,0.7554150263604691,1.1503493803760079,0.5977601260424784,1.59321881802305,1.2418667918433202,1.7316643961222453,0.7916386077433749,,1.465233792685523,,0.5549229427026537,1.465233792685523,-0.5244005127080409,-0.45376219016987945,-0.45376219016987945,-0.5244005127080409,,0.7916386077433749
2015-12-01,-1.0364333894937898,1.11895838106256,1.8627318674216515,0.45785193101249516,1.959963984540054,1.318010897303537,0.93458929107348,1.959963984540054,1.382994127100638,1.382994127100638,1.318010897303537,0.7764217611479277,-0.06270677794321385,1.1503493803760079,0.93458929107348,0.9674215661017008,1.2418667918433202,1.7316643961222453,0.7916386077433749,,0.7916386077433749,,1.4121875789061644,1.465233792685523,-0.967421566101701,-0.5977601260424786,-0.5977601260424786,-0.5244005127080409,,0.7916386077433749
2016-01-01,-1.0364333894937898,1.959963984540054,1.318010897303537,0.8616341201741718,1.9807523966472789,1.318010897303537,0.93458929107348,1.1503493803760079,1.382994127100638,0.7916386077433749,1.318010897303537,0.579132162255556,0.06270677794321357,-0.31863936396437514,0.5977601260424784,0.9674215661017008,1.2418667918433202,1.7316643961222453,0.7916386077433749,,0.7916386077433749,,0.5977601260424784,0.7916386077433749,-1.2815515655446004,-0.5977601260424786,-1.1503493803760079,-1.318010897303537,,0.7916386077433749
2016-02-01,-1.0364333894937898,1.959963984540054,1.318010897303537,1.9145058250555569,1.4652337926855223,1.318010897303537,0.6374841609623768,0.93458929107348,1.382994127100638,0.7916386077433749,1.318010897303537,0.40225006532172536,-0.06270677794321385,0.93458929107348,0.4537621901698793,0.9674215661017008,1.2418667918433202,1.198379702306925,0.7916386077433749,-0.6744897501960817,0.7916386077433749,0.21042839424792484,1.4395314709384557,0.7916386077433749,-1.318010897303537,-1.1503493803760079,-1.4395314709384563,-1.318010897303537,0.21042839424792484,0.7916386077433749
2016-03-01,-0.6744897501960817,1.959963984540054,1.318010897303537,1.9145058250555569,1.4652337926855223,1.318010897303537,0.49720057068155404,0.93458929107348,1.382994127100638,0.7916386077433749,1.318010897303537,0.40225006532172536,-0.06270677794321385,0.93458929107348,0.4537621901698793,1.0364333894937898,0.967421566101701,1.198379702306925,0.7916386077433749,0.21042839424792484,0.7916386077433749,0.6744897501960817,1.1503493803760079,1.465233792685523,-1.009990169249582,-0.7554150263604693,-0.9345892910734802,-0.0784124127331122,0.21042839424792484,0.4887764111146695
2016-04-01,-0.6744897501960817,1.959963984540054,1.318010897303537,1.9145058250555569,1.4652337926855223,1.318010897303537,0.3661063568005698,0.93458929107348,1.382994127100638,0.7916386077433749,1.318010897303537,0.40225006532172536,0.18911842627279238,0.06270677794321357,0.31863936396437514,1.0364333894937898,0.7279132908816441,1.198379702306925,0.7916386077433749,-0.6744897501960817,1.465233792685523,0.6744897501960817,0.5977601260424784,0.7916386077433749,-1.009990169249582,0.06270677794321357,-0.18911842627279252,-0.0784124127331122,-0.21042839424792484,0.4887764111146695
2016-05-01,0.9674215661017008,1.9379315108528297,0.967421566101701,1.88950996033343,1.4395314709384557,1.2815515655446004,0.18911842627279238,0.7164975001779914,1.2815515655446004,0.6744897501960817,1.2815515655446004,0.3406948270877954,-0.26699412540495254,0.4067242518713638,0.13231285227617132,0.9674215661017008,0.6744897501960815,1.1503493803760088,0.3661063568005698,-0.5244005127080407,0.3661063568005698,0.524400512708041,0.4067242518713638,0.7916386077433749,-0.7279132908816442,0.0,-0.5549229427026537,-0.3406948270877956,-0.5244005127080407,0.7916386077433749
2016-06-01,0.9674215661017008,1.9379315108528297,1.2815515655446004,1.88950996033343,1.4395314709384557,1.2815515655446004,0.18911842627279238,0.899434907667234,0.6744897501960817,0.6744897501960817,1.2815515655446004,0.3406948270877954,0.4067242518713638,0.4067242518713638,0.0,0.9674215661017008,0.6744897501960815,1.1503493803760088,0.3661063568005698,-1.2815515655446004,-0.3661063568005695,0.524400512708041,0.4067242518713638,0.7916386077433749,-0.967421566101701,0.13231285227617132,0.0,0.967421566101701,0.0,0.3661063568005698
2016-07-01,-1.5932188180230507,1.9379315108528297,0.967421566101701,1.88950996033343,1.4395314709384557,0.967421566101701,0.18911842627279238,1.11895838106256,0.6744897501960817,0.6744897501960817,1.2815515655446004,0.3406948270877954,0.5549229427026537,0.26699412540495254,0.13231285227617132,0.9674215661017008,0.6744897501960815,1.1503493803760088,0.3661063568005698,0.0,0.0,0.524400512708041,1.11895838106256,0.7916386077433749,-0.7279132908816442,1.9379315108528297,1.9379315108528297,0.967421566101701,0.0,0.3661063568005698
2016-08-01,-1.5932188180230507,1.9379315108528297,0.967421566101701,1.88950996033343,1.4395314709384557,0.967421566101701,0.18911842627279238,0.5977601260424784,0.6744897501960817,0.6744897501960817,1.2815515655446004,0.40225006532172536,0.5549229427026537,0.26699412540495254,0.13231285227617132,0.9674215661017008,0.6744897501960815,1.1503493803760088,0.7916386077433749,-0.5244005127080407,0.7916386077433749,1.2815515655446004,1.11895838106256,0.0,-0.7279132908816442,1.4395314709384557,1.4395314709384557,0.967421566101701,0.0,0.3661063568005698
2016-09-01,-1.6448536269514729,1.9379315108528297,0.967421566101701,1.88950996033343,1.4395314709384557,0.967421566101701,-0.06270677794321385,0.4537621901698793,0.6744897501960817,0.6744897501960817,1.2815515655446004,0.40225006532172536,0.5977601260424784,0.4537621901698793,0.06270677794321357,0.5894557978497783,0.6744897501960815,1.1503493803760088,1.465233792685523,0.0,1.465233792685523,1.2815515655446004,0.4067242518713638,0.7916386077433749,-0.5244005127080409,1.4395314709384557,1.1503493803760079,-0.7279132908816442,0.524400512708041,0.3661063568005698
2016-10-01,-1.0364333894937898,1.9379315108528297,0.967421566101701,1.88950996033343,1.4395314709384557,0.967421566101701,0.31863936396437514,0.5977601260424784,0.6744897501960817,0.6744897501960817,0.967421566101701,0.40225006532172536,0.4537621901698793,0.4537621901698793,0.06270677794321357,0.5894557978497783,0.27188000539926077,1.1503493803760088,0.7916386077433749,1.2815515655446004,0.7916386077433749,1.2815515655446004,0.4067242518713638,0.7916386077433749,-0.3406948270877956,1.4395314709384557,0.4537621901698793,1.2815515655446004,0.524400512708041,0.3661063568005698
2016-11-01,-1.0364333894937898,1.9379315108528297,0.967421566101701,1.88950996033343,1.1503493803760079,0.967421566101701,0.5977601260424784,0.4537621901698793,0.6744897501960817,0.6744897501960817,1.009990169249582,0.40225006532172536,0.31863936396437514,0.4537621901698793,0.06270677794321357,0.5894557978497783,0.27188000539926077,0.8122178014999133,0.3661063568005698,-1.2815515655446004,0.3661063568005698,1.2815515655446004,0.4067242518713638,0.3661063568005698,0.0,0.4537621901698793,0.18911842627279238,0.7279132908816441,-0.5244005127080407,0.3661063568005698
2016-12-01,-1.6448536269514729,1.9379315108528297,1.009990169249582,1.88950996033343,1.1503493803760079,1.009990169249582,-0.45376219016987945,0.4537621901698793,0.6744897501960817,0.6744897501960817,1.009990169249582,0.40225006532172536,0.31863936396437514,0.18911842627279238,-0.06270677794321385,0.5894557978497783,0.4637077514571789,1.1503493803760088,0.3661063568005698,-1.2815515655446004,0.3661063568005698,0.524400512708041,1.11895838106256,0.3661063568005698,0.0,0.31863936396437514,0.18911842627279238,0.967421566101701,-0.5244005127080407,0.3661063568005698
2017-01-01,-1.6448536269514729,1.4395314709384557,0.7764217611479277,1.9145058250555569,1.1797611176118612,1.009990169249582,-0.5977601260424786,0.4537621901698793,0.6744897501960817,0.3661063568005698,1.009990169249582,0.23720210932878769,0.31863936396437514,0.31863936396437514,-0.31863936396437514,0.5894557978497783,0.27188000539926077,0.8122178014999133,0.3661063568005698,-1.2815515655446004,0.3661063568005698,1.2815515655446004,0.4537621901698793,0.3661063568005698,-0.16789400478810546,0.31863936396437514,-0.06270677794321385,0.40225006532172536,-1.2815515655446004,0.3661063568005698
2017-02-01,-1.6448536269514729,1.4395314709384557,0.579132162255556,1.382994127100638,1.1797611176118612,1.009990169249582,0.24104039388602685,0.4537621901698793,0.6744897501960817,0.3661063568005698,1.009990169249582,0.0784124127331122,0.18911842627279238,0.18911842627279238,-0.45376219016987945,0.5894557978497783,0.27188000539926077,0.6151411045959733,0.3661063568005698,-1.382994127100638,0.3661063568005698,0.6744897501960817,0.93458929107348,0.3661063568005698,0.0784124127331122,0.18911842627279238,-0.45376219016987945,0.40225006532172536,-1.382994127100638,0.3661063568005698
2017-03-01,-1.6448536269514729,1.4395314709384557,0.579132162255556,1.382994127100638,1.1797611176118612,1.009990169249582,0.6374841609623768,0.31863936396437514,0.6744897501960817,0.3661063568005698,0.7764217611479277,0.0784124127331122,0.06270677794321357,0.18911842627279238,-0.7554150263604693,0.12566134685507388,0.16789400478810546,0.6151411045959733,0.3661063568005698,-1.382994127100638,0.3661063568005698,0.21042839424792484,0.7554150263604691,0.3661063568005698,-0.23720210932878769,0.06270677794321357,-0.5977601260424786,0.0784124127331122,-0.21042839424792484,0.1573106846101707
2017-04-01,-1.0364333894937898,1.4395314709384557,0.579132162255556,1.382994127100638,1.1797611176118612,0.579132162255556,0.6374841609623768,0.31863936396437514,0.6744897501960817,0.3661063568005698,0.579132162255556,-0.23720210932878769,-0.31863936396437514,-0.31863936396437514,-0.7554150263604693,0.12566134685507388,0.16789400478810546,0.19402814242392646,0.3661063568005698,-1.382994127100638,0.0,0.21042839424792484,0.31863936396437514,0.3661063568005698,-0.23720210932878769,-0.06270677794321385,-0.5977601260424786,-0.40225006532172536,-1.382994127100638,-0.1573106846101707
2017-05-01,-0.967421566101701,1.11895838106256,0.5244005127080407,1.351702239930661,1.1503493803760079,0.5244005127080407,0.31863936396437514,0.26699412540495254,0.524400512708041,0.21042839424792484,0.5244005127080407,-0.7279132908816442,-0.13231285227617104,-0.4067242518713635,-0.4067242518713635,0.28221614706250825,0.08964235107576254,0.5485222826980981,0.0,-1.2815515655446004,-0.3661063568005695,0.0,0.26699412540495254,0.0,-0.3406948270877956,-0.4067242518713635,-1.11895838106256,0.16789400478810546,0.0,0.0
2017-06-01,-0.5894557978497783,1.11895838106256,0.3406948270877954,1.351702239930661,0.7554150263604691,0.5244005127080407,0.5977601260424784,0.0,0.21042839424792484,0.21042839424792484,0.5244005127080407,-0.16789400478810546,-0.26699412540495254,-0.26699412540495254,-0.899434907667234,0.0,0.08964235107576254,0.5485222826980981,0.7916386077433749,-0.5244005127080407,0.3661063568005698,0.0,0.26699412540495254,0.0,-0.5244005127080409,-0.4067242518713635,-0.5549229427026537,-0.3406948270877956,-1.2815515655446004,0.0
2017-07-01,0.0,1.11895838106256,0.3406948270877954,1.351702239930661,0.7554150263604691,0.7279132908816441,0.31863936396437514,0.0,0.21042839424792484,0.21042839424792484,0.5244005127080407,0.16789400478810546,-0.13231285227617104,-0.26699412540495254,-0.4067242518713635,0.28221614706250825,-0.08964235107576268,0.5485222826980981,0.7916386077433749,-0.5244005127080407,0.3661063568005698,0.0,0.899434907667234,0.0,0.16789400478810546,0.26699412540495254,0.13231285227617132,-0.16789400478810546,-1.2815515655446004,0.0
2017-08-01,0.28221614706250825,1.11895838106256,0.3406948270877954,1.0491313979639707,0.5977601260424784,0.7279132908816441,-0.06270677794321385,-0.18911842627279252,0.21042839424792484,0.21042839424792484,0.5244005127080407,0.0784124127331122,-0.13231285227617104,-0.13231285227617104,-0.13231285227617104,0.28221614706250825,-0.08964235107576268,0.31863936396437514,0.3661063568005698,0.0,0.0,0.0,0.7164975001779914,0.3661063568005698,0.5244005127080407,0.5977601260424784,0.31863936396437514,-1.8339146358159146,-1.2815515655446004,0.0
2017-09-01,0.6744897501960817,1.11895838106256,0.3406948270877954,1.0491313979639707,0.5977601260424784,0.7279132908816441,1.959963984540054,-0.18911842627279252,0.21042839424792484,0.21042839424792484,0.5244005127080407,1.8627318674216515,-0.06270677794321385,-0.18911842627279252,-0.5977601260424786,0.28221614706250825,-0.27188000539926105,0.5485222826980981,0.7916386077433749,-0.5244005127080407,0.0,0.524400512708041,0.26699412540495254,0.3661063568005698,0.3406948270877954,0.4537621901698793,-0.06270677794321385,0.5244005127080407,-0.5244005127080407,0.0
2017-10-01,0.6744897501960817,1.11895838106256,0.3406948270877954,1.0491313979639707,0.7554150263604691,0.5244005127080407,-0.18911842627279252,-0.18911842627279252,0.21042839424792484,0.21042839424792484,0.5244005127080407,-0.23720210932878769,-0.06270677794321385,0.06270677794321357,-0.31863936396437514,0.28221614706250825,-0.27188000539926105,0.31863936396437514,0.0,0.0,0.0,0.524400512708041,0.13231285227617132,0.0,0.7279132908816441,0.18911842627279238,-0.18911842627279252,0.0,-1.2815515655446004,0.0
2017-11-01,-0.12566134685507416,0.899434907667234,0.3406948270877954,1.351702239930661,0.4537621901698793,0.5244005127080407,0.18911842627279238,-0.31863936396437514,0.21042839424792484,0.21042839424792484,0.579132162255556,-0.23720210932878769,-0.18911842627279252,0.06270677794321357,-0.5977601260424786,0.28221614706250825,-0.08964235107576268,0.31863936396437514,0.0,0.524400512708041,0.0,0.524400512708041,0.26699412540495254,0.0,0.16789400478810546,-0.06270677794321385,-0.31863936396437514,0.16789400478810546,-1.2815515655446004,0.0
2017-12-01,-0.6744897501960817,0.899434907667234,0.23720210932878769,1.351702239930661,0.4537621901698793,0.579132162255556,0.06270677794321357,-0.18911842627279252,0.21042839424792484,0.21042839424792484,0.40225006532172536,-0.40225006532172536,-0.31863936396437514,-0.45376219016987945,-0.7554150263604693,0.28221614706250825,-0.08964235107576268,0.31863936396437514,-0.3661063568005695,0.0,-0.7916386077433746,0.0,0.7164975001779914,0.0,0.16789400478810546,-0.06270677794321385,-0.45376219016987945,0.0,-1.2815515655446004,0.0
2018-01-01,-0.6744897501960817,0.7554150263604691,0.0784124127331122,1.0853249080767586,0.24104039388602685,0.40225006532172536,-0.31863936396437514,-0.7554150263604693,0.21042839424792484,-0.7916386077433746,0.23720210932878769,-0.7764217611479277,-0.45376219016987945,-0.45376219016987945,-0.06270677794321385,0.0,-0.08964235107576268,0.31863936396437514,-0.3661063568005695,0.0,-0.7916386077433746,-0.5244005127080407,0.06270677794321357,0.0,-0.5244005127080409,0.06270677794321357,-0.18911842627279252,0.0784124127331122,-0.5244005127080407,-0.3661063568005695
2018-02-01,-0.38532046640756773,0.7554150263604691,0.23720210932878769,0.6744897501960817,0.3661063568005698,0.40225006532172536,-0.967421566101701,-0.31863936396437514,0.21042839424792484,-0.7916386077433746,0.23720210932878769,-0.7764217611479277,0.06270677794321357,-0.45376219016987945,-0.9345892910734802,0.0,-0.27188000539926105,-0.1940281424239262,-0.7916386077433746,-0.21042839424792484,-0.7916386077433746,-0.6744897501960817,0.5977601260424784,0.0,-0.0784124127331122,0.06270677794321357,-0.31863936396437514,0.0784124127331122,-0.6744897501960817,-0.3661063568005695
2018-03-01,-0.12566134685507416,0.5977601260424784,0.0784124127331122,0.5084880591093566,0.24104039388602685,0.0784124127331122,-0.7916386077433746,-0.31863936396437514,0.21042839424792484,-0.7916386077433746,0.0784124127331122,-0.40225006532172536,-0.18911842627279252,-0.45376219016987945,-0.9345892910734802,-0.6744897501960817,-0.16789400478810546,-0.1940281424239262,-0.3661063568005695,-0.6744897501960817,-1.465233792685523,-0.6744897501960817,0.06270677794321357,-0.3661063568005695,0.23720210932878769,0.31863936396437514,0.31863936396437514,0.40225006532172536,-1.382994127100638,-0.887146559018876
2018-04-01,-0.38532046640756773,0.4537621901698793,-0.0784124127331122,-0.21042839424792484,0.24104039388602685,0.23720210932878769,-0.967421566101701,-0.5977601260424786,0.21042839424792484,-0.7916386077433746,0.0784124127331122,-0.579132162255556,-0.06270677794321385,-0.45376219016987945,-0.9345892910734802,-0.38532046640756773,-0.3406948270877956,-0.1940281424239262,-0.3661063568005695,-0.21042839424792484,-0.7916386077433746,-0.6744897501960817,-0.06270677794321385,-0.3661063568005695,1.009990169249582,0.93458929107348,0.93458929107348,0.579132162255556,0.21042839424792484,-0.4887764111146695
2018-05-01,0.0,0.7164975001779914,-0.16789400478810546,-0.1479871097258389,0.18911842627279238,0.3406948270877954,-0.9345892910734802,-0.5549229427026537,0.0,-0.6744897501960817,0.0,-0.3406948270877956,0.4067242518713638,-0.26699412540495254,-0.899434907667234,-0.5894557978497783,-0.4637077514571792,-0.31863936396437503,-0.7916386077433746,0.0,-0.7916386077433746,-0.5244005127080407,0.0,-0.3661063568005695,0.7279132908816441,1.4121875789061644,0.899434907667234,0.967421566101701,0.524400512708041,-0.3661063568005695
2018-06-01,0.0,0.7164975001779914,-0.16789400478810546,0.0,-0.06270677794321385,0.16789400478810546,-0.9345892910734802,-0.4067242518713635,-0.21042839424792484,-0.6744897501960817,-0.16789400478810546,-0.5244005127080409,0.26699412540495254,0.13231285227617132,-0.5549229427026537,-0.5894557978497783,-0.6744897501960817,-0.31863936396437503,-0.7916386077433746,0.0,-0.7916386077433746,-0.5244005127080407,0.0,-0.3661063568005695,0.7279132908816441,0.899434907667234,0.13231285227617132,0.5244005127080407,0.524400512708041,-0.3661063568005695
2018-07-01,0.28221614706250825,0.7164975001779914,-0.16789400478810546,-0.1479871097258389,-0.06270677794321385,0.16789400478810546,-0.7554150263604693,-0.4067242518713635,-0.21042839424792484,-0.6744897501960817,0.0,-0.16789400478810546,0.4067242518713638,0.13231285227617132,0.0,-0.5894557978497783,-0.4637077514571792,-0.31863936396437503,-0.3661063568005695,1.2815515655446004,-0.7916386077433746,-0.5244005127080407,0.26699412540495254,-0.7916386077433746,0.967421566101701,0.0,-0.26699412540495254,0.5244005127080407,0.524400512708041,-0.7916386077433746
2018-08-01,0.9674215661017008,0.5549229427026537,-0.3406948270877956,-0.2993069104656671,-0.18911842627279252,0.16789400478810546,-0.5977601260424786,-0.45376219016987945,-0.21042839424792484,-0.6744897501960817,-0.16789400478810546,-0.0784124127331122,0.0,0.13231285227617132,-0.26699412540495254,-0.5894557978497783,-0.4637077514571792,-0.31863936396437503,-0.3661063568005695,1.2815515655446004,-0.3661063568005695,-1.2815515655446004,0.13231285227617132,-0.3661063568005695,0.16789400478810546,-0.18911842627279252,-0.31863936396437514,0.0,0.524400512708041,-0.7916386077433746
2018-09-01,0.12566134685507388,0.7164975001779914,-0.3406948270877956,-0.1479871097258389,-0.18911842627279252,0.16789400478810546,-0.7554150263604693,-0.31863936396437514,-0.21042839424792484,-0.6744897501960817,-0.16789400478810546,-0.40225006532172536,0.06270677794321357,0.06270677794321357,-0.06270677794321385,-0.5894557978497783,-0.4637077514571792,-0.31863936396437503,-0.7916386077433746,1.2815515655446004,-0.7916386077433746,-1.2815515655446004,-0.13231285227617104,-0.3661063568005695,-0.3406948270877956,-1.9599639845400545,-0.31863936396437514,0.0,0.0,-0.7916386077433746
2018-10-01,-0.12566134685507416,0.7164975001779914,-0.5244005127080409,-0.1479871097258389,-0.18911842627279252,0.0,-0.7554150263604693,-0.5977601260424786,-0.21042839424792484,-0.6744897501960817,-0.16789400478810546,-0.40225006532172536,0.5977601260424784,0.18911842627279238,-0.06270677794321385,-0.5894557978497783,-0.4637077514571792,-0.31863936396437503,-1.465233792685523,0.524400512708041,-0.3661063568005695,-0.5244005127080407,-0.13231285227617104,-0.3661063568005695,-0.5244005127080409,-0.18911842627279252,-0.31863936396437514,0.16789400478810546,0.0,-0.7916386077433746
2018-11-01,1.0364333894937898,0.7164975001779914,-0.5244005127080409,0.0,-0.18911842627279252,-0.16789400478810546,-0.5977601260424786,-0.45376219016987945,-0.21042839424792484,-0.6744897501960817,-0.0784124127331122,-0.40225006532172536,-0.06270677794321385,0.18911842627279238,-0.06270677794321385,-0.5894557978497783,-0.4637077514571792,-0.31863936396437503,-0.7916386077433746,1.2815515655446004,-0.7916386077433746,-1.2815515655446004,-0.13231285227617104,-0.3661063568005695,0.5244005127080407,0.93458929107348,0.4537621901698793,0.967421566101701,0.0,-0.3661063568005695
2018-12-01,0.6744897501960817,0.7164975001779914,-0.40225006532172536,0.1479871097258389,-0.06270677794321385,0.0784124127331122,-0.9345892910734802,-0.45376219016987945,-0.21042839424792484,-0.21042839424792484,-0.0784124127331122,-0.23720210932878769,0.06270677794321357,0.5977601260424784,-0.18911842627279252,-0.5894557978497783,-0.4637077514571792,-0.31863936396437503,-0.7916386077433746,0.524400512708041,-1.465233792685523,-1.2815515655446004,0.4067242518713638,-0.3661063568005695,0.5244005127080407,0.5977601260424784,0.5977601260424784,0.7279132908816441,0.0,-0.3661063568005695
2019-01-01,0.6744897501960817,0.5977601260424784,-0.579132162255556,0.06968492031845568,-0.11964811303984217,-0.23720210932878769,-1.1503493803760079,-0.5977601260424786,-0.21042839424792484,-1.465233792685523,-0.0784124127331122,-0.579132162255556,-0.06270677794321385,-0.18911842627279252,-0.18911842627279252,-0.967421566101701,-0.4637077514571792,-0.5485222826980979,-1.465233792685523,0.524400512708041,-1.465233792685523,-1.2815515655446004,-0.06270677794321385,-0.7916386077433746,0.0,0.4537621901698793,0.18911842627279238,0.579132162255556,0.0,-0.7916386077433746
2019-02-01,0.12566134685507388,0.4537621901698793,-0.579132162255556,-0.06968492031845568,0.24104039388602685,-0.23720210932878769,-1.465233792685523,-0.7554150263604693,-0.21042839424792484,-1.465233792685523,-0.40225006532172536,-0.40225006532172536,-0.18911842627279252,-0.06270677794321385,-0.18911842627279252,-0.967421566101701,-0.4637077514571792,-0.6151411045959733,-1.465233792685523,0.6744897501960817,-1.465233792685523,-1.382994127100638,0.4537621901698793,-0.7916386077433746,-0.23720210932878769,-0.06270677794321385,-0.5977601260424786,0.23720210932878769,-0.21042839424792484,-1.465233792685523
2019-03-01,0.12566134685507388,0.4537621901698793,-0.7764217611479277,-0.35549041783953095,-0.11964811303984217,-0.23720210932878769,-1.1797611176118612,-0.7554150263604693,-0.21042839424792484,-1.465233792685523,-0.40225006532172536,-0.579132162255556,-0.45376219016987945,-0.31863936396437514,-0.45376219016987945,-1.6448536269514729,-0.5244005127080409,-0.6151411045959733,-1.465233792685523,1.382994127100638,-0.7916386077433746,-1.382994127100638,-0.45376219016987945,-1.465233792685523,-0.7764217611479277,-0.31863936396437514,-1.1503493803760079,-0.23720210932878769,-0.6744897501960817,-1.5341205443525463
2019-04-01,-0.12566134685507416,0.5977601260424784,-0.579132162255556,0.06968492031845568,-0.49720057068155404,-0.23720210932878769,-1.1797611176118612,-0.9345892910734802,-0.21042839424792484,-1.465233792685523,-0.40225006532172536,-0.7764217611479277,-0.5977601260424786,-0.7554150263604693,-0.45376219016987945,-1.6448536269514729,-0.5244005127080409,-0.6151411045959733,-1.465233792685523,1.382994127100638,-1.465233792685523,-1.382994127100638,-0.9345892910734802,-1.465233792685523,-0.40225006532172536,-0.31863936396437514,-0.7554150263604693,0.0784124127331122,-0.6744897501960817,-1.5341205443525463
2019-05-01,0.28221614706250825,0.5549229427026537,-0.5244005127080409,-0.2993069104656671,-0.45376219016987945,-0.3406948270877956,-1.1503493803760079,-0.899434907667234,-0.5244005127080407,-1.382994127100638,-0.3406948270877956,-0.967421566101701,-0.7164975001779913,-0.5549229427026537,-0.5549229427026537,-0.967421566101701,-0.6744897501960817,-0.5485222826980979,-1.465233792685523,1.2815515655446004,-1.465233792685523,-1.2815515655446004,-0.4067242518713635,-1.465233792685523,0.16789400478810546,-0.5549229427026537,-0.4067242518713635,0.0,-1.2815515655446004,-1.465233792685523
2019-06-01,0.28221614706250825,0.13231285227617132,-0.7279132908816442,-0.2993069104656671,-0.31863936396437514,-0.5244005127080409,-1.4395314709384563,-0.899434907667234,-0.6744897501960817,-1.382994127100638,-0.5244005127080409,-0.967421566101701,-0.7164975001779913,-0.4067242518713635,-0.7164975001779913,-1.5932188180230507,-0.920822976368379,-0.5485222826980979,-1.465233792685523,0.524400512708041,-1.465233792685523,-1.2815515655446004,-0.4067242518713635,-1.465233792685523,-0.3406948270877956,-0.26699412540495254,-0.4067242518713635,-0.16789400478810546,-0.5244005127080407,-1.465233792685523
2019-07-01,-0.28221614706250825,-0.899434907667234,-0.7279132908816442,-0.6289042176321898,-0.18911842627279252,-0.5244005127080409,-0.5977601260424786,-0.899434907667234,-1.382994127100638,-1.382994127100638,-0.5244005127080409,-0.967421566101701,-0.4067242518713635,-0.899434907667234,-0.7164975001779913,-1.5932188180230507,-0.6744897501960817,-1.1503493803760079,-1.465233792685523,-1.2815515655446004,-1.465233792685523,-1.2815515655446004,0.0,-1.465233792685523,-0.3406948270877956,-0.13231285227617104,-0.7164975001779913,-0.5244005127080409,-0.5244005127080407,-1.465233792685523
2019-08-01,-0.28221614706250825,0.26699412540495254,-0.7279132908816442,-0.45785193101249505,-0.31863936396437514,-0.5244005127080409,-1.1503493803760079,-0.9345892910734802,-1.382994127100638,-1.382994127100638,-0.7279132908816442,-0.7764217611479277,-0.5549229427026537,-0.5549229427026537,-1.11895838106256,-1.5932188180230507,-0.6744897501960817,-1.1503493803760079,-0.7916386077433746,-1.2815515655446004,-1.465233792685523,-0.5244005127080407,-0.5549229427026537,-1.465233792685523,-0.16789400478810546,0.06270677794321357,-0.06270677794321385,0.16789400478810546,-0.5244005127080407,-1.465233792685523
2019-09-01,-0.38532046640756773,0.26699412540495254,-0.7279132908816442,-0.45785193101249505,-0.45376219016987945,-0.5244005127080409,-1.4395314709384563,-0.9345892910734802,-1.382994127100638,-1.382994127100638,-0.7279132908816442,-0.7764217611479277,-0.31863936396437514,-1.1503493803760079,-0.9345892910734802,-1.5932188180230507,-0.6744897501960817,-1.731664396122245,0.0,-1.2815515655446004,-1.465233792685523,0.0,-0.5549229427026537,-1.465233792685523,0.16789400478810546,0.18911842627279238,-0.18911842627279252,0.16789400478810546,-1.2815515655446004,-1.465233792685523
2019-10-01,0.38532046640756773,0.4067242518713638,-0.7279132908816442,-0.45785193101249505,-0.5977601260424786,-0.5244005127080409,-1.1503493803760079,-0.9345892910734802,-1.382994127100638,-1.382994127100638,-0.7279132908816442,-1.009990169249582,-0.31863936396437514,-0.7554150263604693,-0.9345892910734802,-1.5932188180230507,-0.920822976368379,-1.731664396122245,-0.3661063568005695,-1.2815515655446004,-1.465233792685523,-1.2815515655446004,-0.5549229427026537,-1.465233792685523,0.5244005127080407,0.4537621901698793,-0.06270677794321385,-0.16789400478810546,-0.5244005127080407,-1.465233792685523
2019-11-01,1.6448536269514722,0.26699412540495254,-0.7279132908816442,-0.2993069104656671,-0.5977601260424786,-0.5244005127080409,-1.1503493803760079,-0.9345892910734802,-1.382994127100638,-1.382994127100638,-0.40225006532172536,-1.009990169249582,-0.31863936396437514,-0.9345892910734802,-0.9345892910734802,-1.5932188180230507,-0.920822976368379,-1.731664396122245,-0.3661063568005695,-0.5244005127080407,-1.465233792685523,0.0,-0.5549229427026537,-1.465233792685523,0.967421566101701,1.1503493803760079,0.93458929107348,-0.16789400478810546,0.524400512708041,-1.465233792685523
2019-12-01,1.6448536269514722,0.26699412540495254,-0.579132162255556,-0.2993069104656671,-0.5977601260424786,-0.23720210932878769,-1.1503493803760079,-0.9345892910734802,-1.382994127100638,-1.382994127100638,-0.40225006532172536,-0.7764217611479277,0.5977601260424784,-0.7554150263604693,-0.9345892910734802,-1.5932188180230507,-0.920822976368379,-0.8122178014999129,0.0,1.2815515655446004,0.0,1.2815515655446004,0.26699412540495254,-1.465233792685523,0.967421566101701,1.959963984540054,1.4395314709384557,-0.3406948270877956,1.2815515655446004,-0.7916386077433746
2020-01-01,1.0364333894937898,0.31863936396437514,-0.23720210932878769,-0.21042839424792484,-0.24104039388602685,0.23720210932878769,0.18911842627279238,-1.1503493803760079,-1.382994127100638,0.0,-0.40225006532172536,-0.0784124127331122,0.93458929107348,0.4537621901698793,-0.9345892910734802,-1.5932188180230507,-1.2418667918433202,-1.731664396122245,0.0,1.2815515655446004,0.0,0.524400512708041,-0.18911842627279252,-1.465233792685523,1.8339146358159146,1.1503493803760079,0.7554150263604691,-0.23720210932878769,1.2815515655446004,0.0
2020-02-01,1.0364333894937898,-0.7554150263604693,-0.40225006532172536,-0.35549041783953095,-0.49720057068155404,0.0784124127331122,-0.49720057068155404,-1.1503493803760079,-1.382994127100638,0.0,-0.23720210932878769,-0.0784124127331122,0.4537621901698793,0.06270677794321357,0.18911842627279238,-1.5932188180230507,-1.2418667918433202,-0.8694237732888861,0.0,1.382994127100638,0.0,1.382994127100638,0.31863936396437514,-1.465233792685523,0.579132162255556,0.5977601260424784,0.4537621901698793,-1.009990169249582,0.6744897501960817,0.0
2020-03-01,1.6448536269514722,0.31863936396437514,-0.40225006532172536,-0.21042839424792484,-0.6374841609623771,-0.0784124127331122,-0.6374841609623771,-0.5977601260424786,-1.382994127100638,-0.3661063568005695,-0.23720210932878769,-0.0784124127331122,0.4537621901698793,0.06270677794321357,-0.06270677794321385,-1.0364333894937898,-0.967421566101701,-0.8694237732888861,-0.7916386077433746,0.6744897501960817,0.0,1.382994127100638,-0.18911842627279252,-0.7916386077433746,0.40225006532172536,0.4537621901698793,0.06270677794321357,-1.009990169249582,1.382994127100638,-0.4887764111146695
2020-04-01,1.6448536269514722,0.18911842627279238,-0.40225006532172536,-0.06968492031845568,-0.6374841609623771,-0.0784124127331122,-0.24104039388602685,-0.7554150263604693,-1.382994127100638,0.0,-0.23720210932878769,-0.0784124127331122,-0.45376219016987945,-0.06270677794321385,-0.18911842627279252,-1.0364333894937898,-0.967421566101701,-0.8694237732888861,-0.7916386077433746,0.6744897501960817,0.3661063568005698,1.382994127100638,-0.31863936396437514,-0.7916386077433746,0.23720210932878769,0.4537621901698793,-0.31863936396437514,-1.8627318674216515,1.382994127100638,-0.887146559018876
2020-05-01,1.59321881802305,0.26699412540495254,-0.7279132908816442,0.0,-0.5977601260424786,-0.16789400478810546,-0.18911842627279252,-0.7164975001779913,-1.2815515655446004,-0.21042839424792484,-0.16789400478810546,-0.16789400478810546,-0.4067242518713635,-0.13231285227617104,-0.13231285227617104,-1.5932188180230507,-0.920822976368379,-1.1503493803760079,-0.3661063568005695,0.524400512708041,0.0,1.2815515655446004,-0.13231285227617104,-0.7916386077433746,0.5244005127080407,0.5549229427026537,-0.26699412540495254,-1.2815515655446004,1.2815515655446004,-0.7916386077433746
2020-06-01,1.59321881802305,0.4067242518713638,-0.5244005127080409,0.1479871097258389,-0.45376219016987945,-0.3406948270877956,-0.18911842627279252,-0.5549229427026537,-1.382994127100638,-0.21042839424792484,-0.3406948270877956,-0.3406948270877956,0.0,-0.13231285227617104,-0.4067242518713635,-0.967421566101701,-0.4637077514571792,-1.1503493803760079,-0.3661063568005695,1.2815515655446004,0.0,1.2815515655446004,-0.13231285227617104,-0.7916386077433746,1.8339146358159146,1.4121875789061644,1.4121875789061644,-0.967421566101701,1.2815515655446004,-0.7916386077433746
2020-07-01,0.9674215661017008,0.4067242518713638,-0.5244005127080409,0.0,-0.45376219016987945,-0.3406948270877956,0.06270677794321357,-0.5549229427026537,-0.6744897501960817,-0.21042839424792484,-0.3406948270877956,-0.3406948270877956,0.13231285227617132,0.0,-0.5549229427026537,-0.967421566101701,-0.920822976368379,-0.5485222826980979,0.0,0.524400512708041,-0.3661063568005695,1.2815515655446004,0.5549229427026537,-0.3661063568005695,1.8339146358159146,1.11895838106256,0.899434907667234,-0.967421566101701,1.2815515655446004,-0.3661063568005695
2020-08-01,1.59321881802305,0.4067242518713638,-0.5244005127080409,0.0,-0.45376219016987945,-0.16789400478810546,-0.7554150263604693,-0.5977601260424786,-0.6744897501960817,-0.21042839424792484,-0.3406948270877956,-0.23720210932878769,0.13231285227617132,-0.26699412540495254,-0.5549229427026537,-0.967421566101701,-0.920822976368379,-1.731664396122245,0.0,0.524400512708041,-0.7916386077433746,0.524400512708041,0.0,-0.7916386077433746,0.967421566101701,1.1503493803760079,0.7554150263604691,-0.967421566101701,1.2815515655446004,-0.3661063568005695
2020-09-01,1.6448536269514722,0.4067242518713638,-0.5244005127080409,0.0,-0.5977601260424786,-0.16789400478810546,-1.1503493803760079,-0.5977601260424786,-0.6744897501960817,-0.21042839424792484,-0.3406948270877956,-0.0784124127331122,0.4537621901698793,-0.31863936396437514,-0.31863936396437514,-0.967421566101701,-0.920822976368379,-1.1503493803760079,-0.3661063568005695,0.524400512708041,-0.3661063568005695,-0.5244005127080407,0.0,-0.7916386077433746,0.7279132908816441,0.7554150263604691,0.18911842627279238,-1.8339146358159146,1.2815515655446004,-0.3661063568005695
2020-10-01,1.6448536269514722,0.5549229427026537,-0.3406948270877956,0.0,-0.31863936396437514,0.16789400478810546,-0.5977601260424786,-0.7554150263604693,-0.6744897501960817,-0.21042839424792484,-0.3406948270877956,-0.0784124127331122,0.18911842627279238,-0.31863936396437514,-0.5977601260424786,-0.967421566101701,-0.6744897501960817,-0.8122178014999129,-0.7916386077433746,-0.5244005127080407,-0.7916386077433746,0.0,0.0,-0.7916386077433746,1.2815515655446004,0.7554150263604691,0.06270677794321357,-1.2815515655446004,1.2815515655446004,-0.3661063568005695
2020-11-01,0.6744897501960817,0.5549229427026537,-0.3406948270877956,0.1479871097258389,-0.45376219016987945,0.0,-0.7554150263604693,-0.5977601260424786,-0.6744897501960817,-0.21042839424792484,-0.23720210932878769,-0.0784124127331122,0.4537621901698793,-0.45376219016987945,-0.31863936396437514,-0.967421566101701,-0.6744897501960817,-0.8122178014999129,-1.465233792685523,0.0,-0.3661063568005695,-0.5244005127080407,0.13231285227617132,-0.7916386077433746,0.7279132908816441,0.18911842627279238,0.31863936396437514,-1.2815515655446004,1.2815515655446004,-0.7916386077433746
2020-12-01,1.0364333894937898,0.5549229427026537,-0.23720210932878769,0.2993069104656671,-0.45376219016987945,-0.0784124127331122,-0.5977601260424786,-0.5977601260424786,-0.6744897501960817,-0.6744897501960817,-0.23720210932878769,-0.0784124127331122,0.18911842627279238,-0.31863936396437514,-0.5977601260424786,-0.967421566101701,-0.6744897501960817,-0.5485222826980979,-1.465233792685523,-0.5244005127080407,-0.3661063568005695,-0.5244005127080407,0.899434907667234,-0.7916386077433746,0.7279132908816441,0.4537621901698793,0.31863936396437514,-1.2815515655446004,0.524400512708041,-1.465233792685523
2021-01-01,1.6448536269514722,0.4537621901698793,-0.40225006532172536,0.21042839424792484,-0.3661063568005698,-0.0784124127331122,-0.9345892910734802,-0.45376219016987945,-0.6744897501960817,-0.3661063568005695,-0.23720210932878769,-0.23720210932878769,0.18911842627279238,0.06270677794321357,-0.5977601260424786,-0.5894557978497783,-0.6744897501960817,-0.8122178014999129,-0.7916386077433746,-0.5244005127080407,-0.3661063568005695,0.0,0.18911842627279238,-0.3661063568005695,0.3406948270877954,0.5977601260424784,0.4537621901698793,-0.579132162255556,0.524400512708041,-1.465233792685523
2021-02-01,1.6448536269514722,0.93458929107348,-0.23720210932878769,0.21042839424792484,-0.24104039388602685,-0.0784124127331122,-0.7916386077433746,-0.45376219016987945,-0.6744897501960817,-0.3661063568005695,-0.0784124127331122,-0.23720210932878769,0.31863936396437514,0.31863936396437514,-0.5977601260424786,-0.5894557978497783,-0.920822976368379,-0.3957252958144873,-0.3661063568005695,0.21042839424792484,-0.3661063568005695,-0.21042839424792484,0.7554150263604691,-0.3661063568005695,0.7764217611479277,0.7554150263604691,0.7554150263604691,-0.579132162255556,1.382994127100638,-0.7916386077433746
2021-03-01,1.0364333894937898,0.93458929107348,0.23720210932878769,0.21042839424792484,-0.3661063568005698,0.40225006532172536,-0.49720057068155404,-0.45376219016987945,-0.6744897501960817,0.0,0.23720210932878769,-0.23720210932878769,0.31863936396437514,0.31863936396437514,-0.18911842627279252,-0.38532046640756773,-0.7279132908816442,-0.3957252958144873,0.0,-0.21042839424792484,-0.3661063568005695,-0.21042839424792484,0.5977601260424784,0.0,0.7764217611479277,0.93458929107348,0.5977601260424784,-1.318010897303537,0.6744897501960817,-0.1573106846101707
2021-04-01,0.6744897501960817,0.7554150263604691,0.23720210932878769,0.21042839424792484,-0.3661063568005698,0.40225006532172536,-0.7916386077433746,-0.45376219016987945,-0.6744897501960817,-0.3661063568005695,0.23720210932878769,-0.40225006532172536,-0.18911842627279252,0.4537621901698793,0.06270677794321357,-0.12566134685507416,-0.7279132908816442,-0.3957252958144873,0.0,0.21042839424792484,-0.3661063568005695,-0.21042839424792484,0.18911842627279238,0.0,0.7764217611479277,0.7554150263604691,0.4537621901698793,-0.7764217611479277,0.6744897501960817,0.1573106846101707
