DATA,PO012002NU0008,PO012026NU3021,PO0120500RZ001,PO012070NU1007,PO0120750R2020,PO0120790RZ001,PO012090NU2009,PO0121180U0005,PO012119NUP001,PO012123NUP001,PO0121300RZ001,PO012136NUZ001,PO0130230U0003,PO0130280U0009,PO013029NU0003,PO0130460U0001,PO013064NU0002,PO0131310U0001,PO0131330U0009,PO013138NU0001,PO013143NUP001,PO0131590U0001,PO015019NR0001,PO015041NR0075,PO015051NR0012,PO015060NU0070,PO015062NR0071,PO0151080U0002,PO015113NUP001,PO015146NU1120,PO015146NU1313,PO015146NU1353,PO015146NU1534,PO015146NU1536,PO015146NU1557,PO0151810U0001,PO015194NU0017,PO0152060U0004,PO015219NU0009,PO0152210U0001,PO015243NUP001,PO0152490U0002,PO0970200U0002,PO0970200U0003,PO0970440U0002,PO0970480U0001,PO0970610U0015,PO1080210U0002,PO108023NU0003,PO1080310U0001,PO108033NR0142,PO108033NU0243,PO1080350U0024,PO1080390U0026,PO1080520U0016
2000-01-01,,,,,,,,,,,,,,,,,,,,,,,,,,,,,,,,,,,,,,,,7.8,,,,,,,,,,43.7,,,39.9,,
2000-02-01,,,,,,,,,,,,,,,,,,,,,,,,,,,,,,,,,,,,,,,,8.0,,,,,,,,,,43.5,,,40.1,,
2000-03-01,,,,,,,,,,,,,,,,,,,,,,,,,,,,,,,,,,,,,,,,8.0,,,,,,,,,,42.6,,,40.3,,
2000-04-01,,,,,,,,,,,,,,,,,,,,,,,,,,,,,,,,,,,,,,,,8.2,,,,,,,,,,43.0,,,40.4,,
2000-05-01,,,,,,,,,,,,,,,,,,,,,,,,,,,,,,,,,,,,,,,,7.9,,,,,,,,,,42.8,,,39.9,,
2000-06-01,,,,,,,,,,,,,,,,,,,,,,,,,,,,,,,,,,,,,,,,7.6,,,,,,,,,,42.6,,,39.4,,
2000-07-01,,,,,,,,,,,,,,,,,,,,,,,,,,,,,,,,,,,,,,,,7.5,,,,,,,,,,42.3,,,39.0,,
2000-08-01,,,,,,,,,,,,,,,,,,,,,,,,,,,,,,,,,,,,,,,,,,,,,,,,,,,,,,,
2000-09-01,,,,,,,,,,,,,,,,,,,,,,,,,,,,,,,,,,,,,,,,7.45,,,,,,,,,,43.0,,,39.0,,
2000-10-01,,,,,,,,,,,,,,,,,,,,,,,,,,,,,,,,,,,,,,,,7.7,,,,,,,,,,44.3,,,39.4,,
2000-11-01,,,,,,,,,,,,,,,,,,,,,,,,,,,,,,,,,,,,,,,,6.7,,,,,,,,,,44.2,,,39.7,,
2000-12-01,,,,,,,,,,,,,,,,,,,,,,,,,,,,,,,,,,,,,,,,6.7,,,,,,,,,,41.8,,,38.6,,
2001-01-01,,,,,35.2,,,,,,,,,,,,,,,,,,,,,,,,,,,,,,,,,,,6.9,,,,,,,,,,41.0,,,38.3,,
2001-02-01,,,,,34.71,,48.96,,,,,,,,,,,,,,,,,,,,,,,,,,,,,,,,,6.8,,,,,,,,,,39.3,,,38.0,,
2001-03-01,,,,,34.36,,,,,,,,,,,,,,,,,,,,,,,,,,,,,,,,,,,6.8,,,,,,,,,,38.0,,,37.6,,
2001-04-01,,,,,33.9,,48.56,,,,,,,,,,,,,,,,,,,,,,,,,,,,,,,,,7.0,,,,,,,,,,37.0,,,37.4,,
2001-05-01,,,,,33.4,,48.61,,,,,,,,,,,,,,,,,,,,,,,,,,,,,,,,,7.3,,,,,,,,,,38.0,,,36.4,,
2001-06-01,,,,,,,48.86,,,,,,,,29.7,,,,,,,,,,,,,,,,,,,,,,,,,6.8,,,,,,,,,,37.0,,,36.8,,
2001-07-01,,,,,33.2,,49.15,,,,,,,,,,,,,,,,,,,,,,,,,,,,,,,,,6.6,,,,,,,,,,38.7,,,37.15,,
2001-08-01,,,,,33.02,,49.3,43.36,,,,,,,,,,,,,,,,,,,,,,,,,,,,,,,,6.6,,,,19.21,,30.73,,,,38.0,,,37.0,,
2001-09-01,,,,,32.98,,49.36,43.55,,,,,11.8,55.8,31.0,,88.2,,,,,,,,,,,,,,,,,,,,,,,6.7,,,,20.02,,28.24,,,,38.3,,,37.5,,
2001-10-01,,,,,33.0,,49.41,43.33,,,,,,,31.0,,88.0,,,,,,,,,,,,,,,,,,,,,,,6.9,,,,20.88,,28.34,,,,38.7,,,,,
2001-11-01,,,,,33.06,,49.56,43.47,,,,,12.0,,31.2,,,,,,,,,,,,,,,,,,,,,,,,,,,,,21.51,,28.0,,,,,,,38.1,,
2001-12-01,,,,,33.12,,49.61,43.58,,,,,12.0,,31.85,,,,,,,,,,,,,,,,,,,,,,,,,,,,,22.33,,28.99,,,,,,,,,
2002-01-01,,33.47,,,33.85,,49.75,43.89,,,,,,,,,,,,,,,,,,,,,,,,,18.2,,,,,,,7.0,,,,23.65,,29.71,,,,39.4,,,36.4,,
2002-02-01,,33.67,,,33.4,,49.97,44.12,,,,,11.18,56.5,,,88.4,,,,,,,,,,,,,,,,18.4,,,,,,,7.3,,,,21.63,,25.74,,,,39.7,,,36.7,,
2002-03-01,,33.82,,,33.44,,50.08,44.36,,,,,10.56,56.4,,,,,,,,,,,,,,,,,,,18.2,,,,,,,8.3,,,,17.9,,,,,,43.0,,,37.0,,
2002-04-01,,33.85,,,33.49,,50.1,44.5,,,,,9.019,56.6,,,88.4,,,,,,,,,,,,,,,,18.3,,,,,,,,,,,18.95,,27.94,,,,,,,37.4,,
2002-05-01,,33.67,,,33.31,,49.67,44.79,,,,,9.14,56.6,,,88.2,,,,,,,,,,,,,,,,18.3,,,,,,,,,,,16.71,,24.81,,,,,,,37.1,,
2002-06-01,,33.44,,,33.15,,49.4,44.7,,,,,9.96,,32.25,,88.3,,,,,,,,,,,,,,,,17.6,,,,,,,,,,,16.99,,26.76,,,,,,,36.5,,
2002-07-01,,33.57,,,33.06,,49.38,44.54,,,,,10.16,,,,,,,,,,,,,,,,,,,,17.65,,,,,,,,,,,16.35,,26.32,,,,,,,,,
2002-08-01,,33.37,,,32.95,,49.37,44.14,,,,,10.56,,,,,,,,,,,,,,,,,,,,17.3,,,,,,,,,,,16.02,,26.36,,,,,,,35.5,,
2002-09-01,,33.18,,,32.86,,49.45,44.02,,,,,9.81,,,,,,,,,,,,,,,,,,,,16.7,,,,,,,,,,,14.32,,24.84,,,,,,,35.0,,
2002-10-01,,33.37,,,32.9,,49.6,44.27,,,,,10.41,54.7,32.0,,87.4,,,,,,,,,,,,,,,,16.9,,,,,,,,,,,,,23.36,,,,,,,35.4,,
2002-11-01,,33.07,,,32.5,,49.6,44.15,,,,,,56.7,30.7,,84.7,,,,,,,,,,,,,,,,17.15,,,,,,,,,,,14.84,,,,,,,,,,,
2002-12-01,,31.77,,,32.08,,48.79,43.45,,,,,8.99,56.8,,,84.7,,,,,,,,,,,,,,,,16.1,,,,,,,6.6,,,,8.75,,3.79,,,,40.0,,,35.7,,
2003-01-01,,30.47,,,31.48,,48.74,42.13,,,,,9.78,56.9,30.0,,84.5,,,,,,,,,,,,,,,,6.6,,,,,,,,,,,5.9,,19.105,,,,,,,,,
2003-02-01,,33.4,,,32.27,,48.2,41.97,,,,,10.13,56.9,30.3,,84.5,,,,,,,,,,,,,,,,17.3,,,,,,,,,,,8.765,,22.75,,,,,,,,,
2003-03-01,,33.1,,,31.13,,48.08,42.52,,,,,10.46,56.6,30.7,,84.6,,,,,,,,,,,,,,,,15.1,,,,,,,7.4,,,,13.56,,,,,,37.0,,,36.1,,
2003-04-01,,33.15,,,31.11,,48.3,42.76,,,,,10.64,56.4,31.0,,84.5,,,,,,,,,,,,,,,,9.7,,,,,,,,,,,17.15,,,,,,,,,,,
2003-05-01,,33.4,,,31.17,,49.49,43.0,,,,,10.87,56.4,,,84.6,,,,,,,,,,,,,,,,4.6,,,,,,,,,,,19.5,,,,,,,,,,,
2003-06-01,,33.67,,,31.26,,49.41,43.26,,,,,11.12,58.1,,,86.1,,,,,,,,,,,,,,,,6.8,,,,,,,6.9,,,,22.21,,,,,,38.0,,,36.6,,
2003-07-01,,34.0,,,31.45,,49.19,43.6,,,,,11.31,58.0,32.73,,86.5,,,,,,,,,,,,,,,,17.2,,,,,,,,,,,24.1,,,,,,,,,,,
2003-08-01,,35.6,,,31.67,,49.58,43.89,,,,,11.25,58.2,32.3,,86.25,,,,,,,,,,,,,,,,14.9,,,,,,,,,,,27.23,,,,,,,,,,,
2003-09-01,,33.03,,,31.9,,49.64,44.17,,,,,11.26,,32.25,,,,,,,,,,,,,,,,,,9.7,,,,,,,7.2,,,,26.48,,,,,,42.4,,,36.0,,
2003-10-01,,33.9,,,32.13,,50.3,44.48,,,,,11.41,,,,,,,,,,,,,,,,,,,,4.8,,,,,,,,,,,27.31,,,,,,,,,,,
2003-11-01,,33.7,,,32.24,,50.23,44.69,,,,,11.67,56.3,,,84.45,,,,,,,,,,,,,,,,6.6,,,,,,,,,,,27.29,,,,,,,,,,,
2003-12-01,,33.5,,,32.31,,50.2,44.72,,,,,10.71,56.9,32.65,,88.8,,,,,,,,,,,,,,,,17.2,,,,,,,7.0,,,,25.92,,,,,,44.0,,,36.4,,
2004-01-01,,33.6,,23.25,32.48,,49.76,44.85,,,,,,57.8,,,86.0,,,,,,,,,,,,,,,,6.3,,,,,,,,,,,,,,,,,,,,,,
2004-02-01,,33.5,,23.26,32.62,,49.78,44.94,,,,,10.36,58.0,32.9,,85.8,,,,,,,,,,,,,,,,16.9,,,,,,,,,,,23.01,,,,,,,,,,,
2004-03-01,,33.6,,23.47,32.79,,49.72,45.05,,,,,9.91,57.9,32.68,,86.1,,,,,,,,,,,,,,,,13.5,,,,,,,7.3,,,,24.17,,27.07,,,,44.6,,,36.5,,
2004-04-01,,33.45,,23.98,32.91,,49.7,45.13,,,,,8.56,57.6,32.3,,89.1,,,,,,,,,,,,,,,,9.8,,,,,,,,,,,,,25.54,,,,,,,,,
2004-05-01,,33.24,,23.79,32.68,,49.92,45.05,,,,,8.93,57.9,30.9,,89.8,,,,,,,,,,,,,,,,4.0,,,,,,,,,,,19.17,,25.67,,,,,,,,,
2004-06-01,,33.45,,24.21,32.44,,49.96,44.74,,,,,9.99,58.2,,,88.3,,,,,,,,,,,,,,,,6.6,,,,,,,7.1,,,,17.14,,24.43,,,,43.7,,,36.0,,
2004-07-01,,33.45,,24.74,32.39,,49.46,43.56,,,,,10.58,58.0,31.8,,89.9,,,,,,,,,,,,,,,,17.15,,,,,,,,,,,19.8,,26.8,,,,,,,,,
2004-08-01,,33.5,,24.04,32.49,,49.45,44.46,,,,,10.68,58.05,32.0,,89.85,,,,,,,,,,,,,,,,13.0,,,,,,,,,,,22.05,,29.26,,,,,,,,,
2004-09-01,,33.2,,24.63,32.57,,49.6,44.23,,,,,11.01,58.0,,,89.75,,,,,,,,,,,,,,,,6.4,,,,,,,6.5,,,,22.7,,30.0,,,,44.0,,,36.4,,
2004-10-01,,33.1,,24.63,32.7,,49.75,44.59,,,,,10.96,57.9,32.55,,89.7,,,,,,,,,,,,,,,,3.2,,,,,,,,,,,24.45,,30.64,,,,,,,,,
2004-11-01,,33.1,,25.58,32.88,,49.65,44.68,,,,,10.94,58.0,33.1,,89.8,,,,,,,,,,,,,,,,6.2,,,,,,,,,,,28.35,,30.53,,,,,,,,,
2004-12-01,,33.1,,25.92,33.1,,50.45,44.71,,,,,10.96,58.0,32.86,,89.7,,,,,,,,,,,,,,,,16.1,,,,,,,6.8,,,,28.25,,29.86,,,,45.1,,,36.1,,
2005-01-01,,33.1,,,32.22,,49.89,44.9,,,,,10.99,58.3,33.05,,90.0,,,,,,,,,,,,,,,,6.6,,,38.15,,27.8,,,,28.0,,25.46,,29.69,,,,,,,,,
2005-02-01,,32.55,,,33.47,,50.01,45.14,,,,,11.18,58.3,33.35,,90.0,,,,,,,,,,,,,,,,18.3,,,38.35,,28.1,,,,27.8,,25.33,,29.42,,,,,,,,,
2005-03-01,,32.57,,,33.68,,50.19,45.29,,,,,11.33,58.6,34.15,,90.0,,,,,,,,,,,,,,,,14.55,,,39.0,,28.4,,7.2,,29.2,,28.89,,30.52,,,,45.0,,,36.6,,
2005-04-01,,33.97,,,33.99,,50.62,45.5,,,,,11.26,,33.5,,,,,,,,,,,,,,,,,,10.0,,,39.25,,,,,,,,29.41,,30.33,,,,,,,,,
2005-05-01,,33.81,,,34.22,,50.11,45.65,,,,,11.44,58.9,33.6,,90.3,,,,,,,,,,,,,,,,4.25,,,39.8,,27.9,,,,28.7,,27.02,,29.07,,,,,,,,,
2005-06-01,,33.54,,,34.52,,50.6,47.1,,,,,11.54,,33.7,,,,,,,,,,,,,,,,,,7.2,,,40.2,,27.4,,7.1,,28.4,,26.88,,29.52,,,,44.6,,,36.0,,
2005-07-01,,34.0,,,34.74,,51.35,46.16,,,,,11.66,58.6,,,93.4,,,,,,,,,,,,,,,,18.5,,,39.6,,27.6,,,,28.0,,29.26,,29.27,,,,,,,,,
2005-08-01,,34.84,,,35.05,,52.53,46.32,,,,38.67,11.71,58.6,34.15,,93.1,,,,,,,,,,,,,,,,14.6,,,40.0,,27.0,,,,27.5,,26.66,,29.32,,,,,,,,,
2005-09-01,,34.78,,,35.29,,51.22,46.56,,,,38.79,,58.4,,,95.9,,,,,,,,,,,,,,,,10.2,,,40.7,,26.1,,7.0,,27.1,,25.31,,30.93,,,,43.2,,,35.0,,
2005-10-01,,34.81,,,35.47,,50.6,46.64,,,,38.62,11.63,,34.0,,,,,,,,,,,,,,,,,,6.3,,,40.8,,26.0,,,,27.5,,24.14,,29.02,,,,,,,,,
2005-11-01,,36.35,,,,,54.91,,,,34.75,,11.8,58.6,34.25,,94.55,,,,,,,,,,,,,,,,6.6,,,40.85,,26.6,,,,27.6,,23.39,,28.69,,,,,,,,,
2005-12-01,,34.86,6.94,26.51,36.1,43.37,50.9,46.95,,,34.93,38.84,11.86,59.22,34.1,,94.5,,,,,,,,,,,,,,,,18.9,,,40.95,,27.1,,6.8,,28.3,,22.77,,28.16,,,,44.0,,,35.6,,
2006-01-01,,35.71,7.06,26.89,36.2,43.36,51.11,47.09,,,35.24,39.11,12.28,59.3,34.5,,93.85,,,,,,,,,,,,,,,,6.8,,,,,27.0,,,,28.0,,24.4,,27.0,19.12,,,,,,,,
2006-02-01,,35.93,7.15,27.02,36.4,43.52,51.13,47.26,,,34.44,39.2,11.66,59.4,34.35,,93.8,,,,,,,,,,,,,,,,18.7,,,,,27.3,,,,27.6,27.5,23.51,,27.8,18.57,,,,,,,,
2006-03-01,,35.53,7.33,27.21,36.65,43.59,51.15,47.56,,,,39.23,11.4,58.95,34.75,,94.0,,,,,,,,,,,,,,,,14.5,,,41.6,,27.7,,7.2,,28.2,26.2,21.4,,26.3,18.15,25.05,,44.7,,,35.9,,
2006-04-01,,36.16,7.52,27.47,36.6,43.71,51.65,47.65,,,34.7,39.22,11.18,59.15,34.3,,93.9,,,,,,,,,,,,,,,,10.1,,,41.95,,27.5,,,,28.4,26.4,23.0,,26.7,18.0,,,,,,,,
2006-05-01,,36.15,7.64,28.02,37.03,44.1,51.5,47.69,,,35.86,39.3,,,,,,,,,,,,,,,,,,,,,4.3,,,45.45,,27.1,,,,29.3,28.95,24.4,,27.6,19.4,,,,,,,,
2006-06-01,,36.51,7.78,28.79,37.2,44.1,51.4,48.13,,,,40.34,,59.0,,,94.15,,,,,,,,,,,,,,,,6.5,,,42.8,,27.4,,8.0,,30.0,32.6,26.6,,28.2,20.1,25.3,,46.0,,,37.0,,
2006-07-01,,36.7,7.91,29.31,37.13,44.18,51.5,48.11,,,36.18,39.37,12.44,59.3,,,94.35,,,,,,,,,,,,,,,,18.85,,,43.1,,,,,,,32.29,29.5,,28.4,21.15,,,,,,,,
2006-08-01,,36.18,8.02,29.4,37.17,44.31,51.45,48.2,,,36.39,39.4,12.36,59.35,34.5,,91.75,,,,,,,,,,,,,,,,14.6,,,43.3,,26.7,,,,28.8,36.8,29.2,,28.85,,,,,,,,,
2006-09-01,,,8.07,30.2,37.89,44.19,51.32,48.44,,,36.51,39.34,12.4,59.1,34.6,,91.4,,,,,,,,,,,,,,,,10.0,,,43.23,,,,,,,36.85,29.5,,28.8,21.5,25.2,,,,,,,
2006-10-01,,36.42,8.23,28.39,38.03,44.55,51.32,48.44,,,36.6,39.67,11.4,59.0,34.6,,91.5,,,,,,,,,,,,,,,,4.4,,,43.51,,28.36,,7.21,,32.43,33.65,29.68,,28.25,21.77,25.3,,45.7,,,39.02,,
2006-11-01,,36.49,8.35,29.09,38.25,44.7,51.2,48.53,,,,39.74,,59.0,34.6,,,,,,,,,,,,,,,,,,6.6,,,43.7,,28.74,,,,32.54,29.4,28.75,,27.8,21.95,25.46,,,,,40.38,,
2006-12-01,,36.47,8.44,28.89,38.14,44.75,51.34,48.5,,,36.91,39.81,,,,,,,,,,,,,,,,,,,,,18.7,,,43.96,,28.8,,6.65,,32.15,,27.62,,27.38,21.39,,,45.8,,,40.45,,
2007-01-01,,36.75,,,,44.81,,,,,36.91,,9.76,,,48.15,92.9,,,,,,,,,,,,,,,,20.4,,,44.15,,29.31,,6.5,,32.77,,,,27.38,,25.67,,42.6,,,41.06,,
2007-02-01,,36.77,8.53,,,44.81,51.4,,,,37.04,,,,,48.15,93.0,,,,,,,,,,,,,,,,20.6,,,43.62,,28.93,,6.5,,32.9,29.8,27.7,68.25,27.55,21.23,25.76,,42.4,,,41.2,,
2007-03-01,,37.03,8.64,28.95,38.7,44.83,51.54,,,,,39.85,12.32,,59.2,48.25,92.4,,75.0,,,,,,,,,,,,,,20.65,,,43.5,,29.0,,6.2,,32.67,30.02,28.3,68.33,27.6,21.62,25.57,,45.1,,,40.96,,
2007-04-01,,37.04,8.76,29.9,38.97,44.9,,,,,37.26,40.0,12.53,,,48.8,92.34,,,,,,,,,,,,,,,,21.1,,,43.69,,29.16,,6.22,,32.89,36.8,28.3,,28.0,21.98,25.82,,,,,41.36,,
2007-05-01,,37.04,8.88,29.45,39.24,45.26,51.67,,,,37.42,40.1,14.91,,59.775,49.0,92.9,,75.3,,,,,,,,,,,,,,21.35,,,43.66,,29.23,,4.9,,,35.1,29.3,68.3,28.56,22.11,25.91,,44.7,,,40.48,,
2007-06-01,,,8.94,29.5,39.51,45.32,51.75,,,,37.4,40.12,,59.35,60.1,,91.65,,75.3,,,,,,,,,,,,,,21.5,,,43.76,,28.77,,6.3,,33.1,33.85,30.4,68.7,28.9,21.2,25.91,,46.5,,,39.66,,
2007-07-01,,37.21,9.05,29.3,39.7,45.33,51.7,,,,37.59,40.1,14.74,,59.55,49.15,91.95,,,,,,,,,,,,,,,,21.5,,,,,29.06,,4.95,,,28.7,29.51,69.0,28.4,21.85,,,,,,39.88,,
2007-08-01,,37.42,9.2,30.88,39.96,45.65,51.7,,,,37.62,40.27,14.86,,,49.15,90.8,,74.75,,,,,,,,,,,,,,21.2,,,44.24,,,,,,33.3,29.8,27.8,,28.1,21.65,25.79,,46.47,,,,,
2007-09-01,,37.8,9.09,31.34,40.04,45.24,,,,,37.61,40.25,14.84,,,49.2,95.64,,,,,,,,,,,,,,,,21.9,,,44.11,,28.73,,5.4,,33.05,28.85,29.3,69.2,28.05,21.43,25.41,,46.62,,,40.72,,
2007-10-01,,37.8,9.18,30.34,40.37,45.41,51.73,,,,37.55,40.01,12.21,58.5,,49.3,95.64,,,,,,,,,,,,,,,,21.7,,,44.21,,28.88,,,,,28.4,26.5,69.47,28.1,20.25,25.21,,45.6,,,41.15,,
2007-11-01,,37.65,9.33,,40.3,45.62,,,,,37.5,39.9,12.19,58.7,59.275,49.45,95.24,,,,,,,,,,,,,,,,21.6,,,44.16,,29.11,,,,33.01,28.1,24.55,69.0,28.65,,25.44,,45.2,,,41.4,,
2007-12-01,,,9.43,30.08,40.64,45.77,51.78,,,,,39.82,12.15,58.9,,49.35,93.19,,,,,,,,,,,,,,,,21.2,,,43.57,,29.38,,6.48,,33.0,26.5,25.4,,29.04,,25.46,,47.01,,,41.56,,
2008-01-01,,38.45,9.55,29.95,40.9,46.08,51.84,49.17,,,,39.34,12.19,58.6,59.5,49.4,93.04,,,,,,,,,,,,,15.3,11.1,,21.7,,,44.66,,29.53,,,,33.18,26.05,23.7,68.82,27.6,19.82,25.41,,46.41,,,41.75,,
2008-02-01,,38.46,9.53,29.9,41.06,45.65,52.03,49.35,,,,39.27,11.04,,,,92.94,,77.27,,,,,,,,,,,15.3,10.65,,21.5,,,44.76,,29.75,,6.26,,33.15,26.6,,67.85,24.42,18.6,25.44,,46.57,,,42.0,,
2008-03-01,,38.48,9.56,29.95,41.06,45.78,52.13,49.09,,,,39.15,11.1,,,52.55,,,,,,,,,,,,,,15.1,10.7,,21.3,,,44.7,,29.83,,6.42,,33.38,25.7,22.6,68.5,25.1,18.1,25.44,,46.5,,,42.22,,
2008-04-01,,38.51,9.56,31.42,41.15,45.84,50.89,49.04,,,,39.08,,59.565,,52.65,92.64,,77.01,,,,,,,,,,,15.15,10.8,,21.8,,,,,,,,,,27.3,23.9,68.95,25.0,18.38,,,,,,,,
2008-05-01,,38.42,9.38,29.62,41.2,45.86,50.75,49.53,,,,38.13,9.97,,59.7,52.05,92.34,,76.11,,,,,,,,,,,15.0,10.6,,21.3,,,,,,,,,,27.95,22.6,69.25,24.3,14.85,,,,,,,,
2008-06-01,,38.35,9.19,29.51,40.9,45.54,50.78,,,,38.04,38.06,9.1,,58.52,51.1,89.5,,76.21,,,,,,,,,,,14.85,10.6,,21.5,,,,,,,,,,21.3,20.01,69.35,22.6,,,,,,,,,
2008-07-01,,38.24,8.94,29.53,40.9,45.65,51.22,49.02,,,,37.77,11.59,,57.8,51.1,91.64,,75.91,,,,,,,,,,,14.95,10.6,,21.15,,,,,,,,,,21.6,16.55,69.43,22.91,13.88,,,,,,,,
2008-08-01,,38.28,8.43,28.65,40.3,44.35,51.16,48.77,,,,37.3,12.24,57.67,57.59,,91.44,,75.31,,,,,,,,,,,14.5,10.5,,20.8,,,,,,,,,,18.3,18.5,70.1,22.8,13.5,,,,,,,,
2008-09-01,,38.17,8.3,28.42,40.5,45.0,50.9,48.66,,,,37.45,,,57.6,,,,,,,,,,,,,,,14.6,10.45,,21.2,,,,,,,,,,22.9,19.1,68.38,24.9,,,,,,,,,
2008-10-01,,38.05,8.29,28.22,40.8,45.11,50.88,48.35,,,37.15,37.12,12.82,58.565,57.6,,90.34,,75.91,,,,,,,,,,,14.6,10.35,,21.0,,,,,,,,,,24.4,20.55,68.5,25.6,15.38,,,,,,,,
2008-11-01,,38.45,8.38,28.77,40.08,45.25,50.55,48.11,,,37.25,37.28,13.03,58.465,,,90.29,,77.61,,,,,,,,,,,14.4,10.2,,21.0,,,,,,,,,,25.9,22.5,,26.45,16.92,,,,,,,,
2008-12-01,,38.33,8.32,27.17,40.02,45.31,50.36,48.02,,,37.46,37.08,,,56.4,,,,,,,,,,,,,,,14.55,10.0,,21.0,,,,,,,,,,24.1,19.7,68.32,23.6,14.8,,,,,,,,
2009-01-01,,38.33,7.09,25.9,39.5,44.44,,46.52,,,34.21,35.52,11.38,56.0,,41.65,86.55,,73.4,,,,,,,,,,,14.0,9.3,,20.45,,,42.82,,29.22,,,,,23.6,20.15,68.33,24.9,10.33,23.5,,42.8,,,40.88,,
2009-02-01,,37.25,7.19,25.08,39.1,43.04,50.04,46.11,,,36.57,35.12,,56.2,55.2,40.95,86.06,,72.2,,,44.5,,,,,,,,13.8,9.0,,20.4,,,42.2,,29.06,,,,,16.7,14.05,68.05,20.7,8.75,23.21,,42.8,,,40.31,,
2009-03-01,,35.19,5.9,25.05,38.69,42.18,50.25,46.06,,,35.82,35.03,,58.165,52.82,40.4,85.4,,71.5,,,43.5,,,,,,,,13.75,9.0,,20.0,,,41.7,,28.68,,6.4,,,13.3,12.15,,20.6,10.05,22.73,,42.7,,,39.87,,
2009-04-01,,35.65,6.21,25.78,38.27,42.27,50.19,46.32,,,35.75,35.28,8.14,56.0,,,85.2,,71.4,,,43.3,,,,,,,,13.55,9.6,,19.9,,,40.18,,28.63,,,,,16.8,13.9,66.7,22.5,9.47,22.66,,42.75,,,39.48,,
2009-05-01,,35.62,6.09,25.2,37.65,42.31,50.31,45.32,,,35.58,34.52,7.24,55.6,52.9,39.55,85.3,,71.0,,,42.8,,,,,,,,13.4,8.45,,19.6,,,39.48,,28.01,,,,,15.3,12.9,66.5,20.65,9.78,22.04,,42.8,,,38.95,,
2009-06-01,,34.46,5.78,25.66,37.2,43.29,49.73,43.75,,,34.67,34.77,8.17,55.0,53.82,39.65,85.1,,71.3,,,42.0,,,,,,,,13.35,8.8,,19.2,,,39.0,,27.51,,6.2,,,18.5,13.2,66.05,22.45,,,,44.9,,,38.7,,
2009-07-01,,34.3,5.61,23.94,36.86,42.64,50.34,44.07,,,34.23,34.91,8.97,54.5,54.2,,86.1,,69.1,,,41.5,,,,,,,,13.2,8.8,,19.1,,,38.56,,27.25,,,,,21.0,15.3,66.1,25.5,11.73,21.86,,42.8,,,38.45,,
2009-08-01,,34.13,5.02,23.01,37.73,43.12,49.86,43.36,,,34.25,35.07,,54.6,52.8,39.55,86.0,,69.3,,,40.8,,,,,,,,13.0,9.2,,19.2,,,,,,,,,,23.0,19.0,,27.9,13.88,,,,,,,,
2009-09-01,,34.32,,23.48,36.82,,49.82,43.18,,,,34.56,9.44,54.3,,39.7,86.2,,69.1,,,40.8,,,,,,,,13.4,9.1,,19.1,,,38.89,,29.06,,8.0,,,27.2,23.3,66.15,28.6,17.45,22.0,,42.85,,,37.6,,
2009-10-01,,34.12,4.65,23.57,36.77,43.63,51.61,43.47,,,34.27,35.34,9.59,57.6,53.99,,86.5,,68.6,,,41.0,,,,,,,,13.75,9.0,,18.6,,,,,26.88,,,,,29.6,25.6,66.35,29.2,18.65,,,42.8,,,37.6,,
2009-11-01,,34.47,4.84,23.68,36.54,43.77,52.06,43.28,,,34.41,35.46,9.7,56.5,53.9,39.65,86.9,,68.5,,,40.8,,,,,,,,13.65,9.15,,19.3,,,,,,,,,,32.65,27.5,66.38,29.4,19.53,,,,,,,,
2009-12-01,,34.21,5.08,23.25,36.62,43.81,49.97,43.05,,,34.33,35.27,9.57,56.6,,39.85,87.8,,68.7,,,41.3,,,,,,,,13.6,9.15,,19.0,,,,,,,,,,30.6,27.8,66.55,28.8,19.35,,,,,,,,
2010-01-01,,34.8,4.91,23.48,36.52,41.17,50.17,43.82,,,,35.39,8.39,56.5,54.33,39.8,87.7,,68.8,,,41.0,,,,,,,,,,,,,,,,,,,,,18.05,24.6,66.65,26.4,17.16,,,42.7,,,37.8,,
2010-02-01,,34.23,5.16,,36.53,,50.13,43.87,,,34.23,,8.49,58.2,54.28,40.25,87.7,,68.9,,,41.0,,,,,,,,,,,,,,,,,,,,,25.7,21.6,66.72,24.8,15.85,,,42.8,,,37.8,,
2010-03-01,,34.21,5.37,24.63,36.28,41.18,,43.92,,,34.28,35.34,5.96,56.5,54.14,39.9,88.0,,68.5,,,41.3,,,,,,,,,,,,,,,,,,6.8,,,24.6,20.4,66.7,24.0,14.15,,,42.9,,,37.73,,
2010-04-01,,34.14,5.39,23.46,36.24,41.42,50.02,43.94,,,34.45,35.22,5.93,56.6,,39.7,82.2,,68.85,,,41.0,,,,,,,,13.6,8.7,,18.4,,,,,,,,,,23.65,20.2,66.9,24.4,14.22,,,42.75,,,37.62,,
2010-05-01,,34.28,5.19,24.24,36.55,41.52,49.65,43.7,,,33.94,34.33,5.79,,54.12,38.95,87.5,,68.5,,,40.8,,,,,,,,,,,,,,,,,,,,,24.3,20.5,66.85,25.05,14.42,,,42.6,,,37.54,,
2010-06-01,,33.0,2.92,23.52,35.52,38.71,49.9,,,,32.8,33.47,5.01,,,38.25,87.4,,68.4,,,40.3,,,,,,,,,,,,,,,,,,6.6,,,19.9,16.2,66.92,22.5,12.5,,,42.5,,,37.18,,
2010-07-01,,32.89,3.78,23.29,35.74,39.15,49.75,,,,33.15,34.01,6.03,,54.25,,86.0,,68.3,,,41.3,,,,,,,,13.7,8.9,,17.6,,,,,,,,,,22.2,18.1,66.8,25.6,13.6,,,42.8,,,37.26,,
2010-08-01,,32.78,3.24,23.3,35.04,39.48,49.35,44.26,,,32.66,34.72,6.61,,53.01,38.1,85.8,,68.4,,,40.8,,,,,,,,13.3,8.75,,17.9,,,,,,,,,,22.2,20.25,66.85,27.2,14.7,,,42.8,,,36.38,,
2010-09-01,,32.81,3.37,22.59,34.7,39.4,49.82,42.3,,,32.49,37.07,6.73,55.1,,37.9,85.7,,68.3,,,40.3,,,,,,,,13.45,8.3,,17.7,,,,,,,6.8,,,17.8,17.4,66.95,24.5,13.0,,,42.85,,,35.94,,
2010-10-01,,32.89,3.53,22.64,34.72,39.12,49.4,43.11,,,32.34,35.08,6.96,55.4,,37.7,86.25,,67.4,,,40.0,,,,,,,,13.6,8.45,,17.4,,,,,,,,,,19.75,17.25,66.35,23.6,12.55,,,42.8,,,36.03,,
2010-11-01,,32.32,3.52,22.25,34.55,38.67,48.96,42.65,,,31.78,35.44,6.45,55.3,52.45,36.75,86.0,,67.3,,,40.3,,,,,,,,13.55,7.3,,17.2,,,,,,,,,,16.7,14.4,66.95,19.8,9.7,,,42.7,,,35.58,,
2010-12-01,,32.14,2.5,22.15,34.07,37.88,48.79,42.52,,,31.17,35.27,4.98,54.1,50.83,35.35,84.9,,67.0,,,43.3,,,,,,,,13.25,7.1,,16.3,,,,,,,6.6,,,9.1,8.5,66.45,14.7,5.9,,,42.8,,,34.08,,
2011-01-01,,31.86,1.97,21.91,32.8,37.47,48.65,42.33,,,31.25,33.36,4.98,54.0,,,84.7,,67.1,,,,,,,,,,,13.05,7.0,,17.8,,,35.75,,23.2,,,,28.07,,,66.1,12.3,4.6,19.73,,42.85,,,33.22,,
2011-02-01,,31.15,1.89,22.0,32.49,37.33,48.79,41.28,,,29.85,33.66,5.67,54.0,51.99,34.05,84.7,,67.0,,,36.6,,,,,,,,13.1,8.0,,15.6,,,35.73,,23.11,,,,28.01,10.4,8.8,65.5,16.0,5.85,19.73,,42.8,,,32.57,,
2011-03-01,,31.25,1.61,21.95,32.05,37.05,48.9,41.37,,,30.15,33.81,6.12,54.65,52.27,33.95,84.3,,65.2,,,36.11,,,,,,,,13.35,7.3,,15.3,,,35.72,,22.99,,7.27,,28.2,13.5,9.1,64.9,20.9,7.6,19.9,46.6,42.78,,,32.14,,
2011-04-01,,30.8,1.51,22.17,31.7,37.02,48.95,42.98,,,29.34,32.72,5.92,54.6,52.53,33.95,84.1,,65.0,,,,,,,,,,,16.1,7.25,,14.9,,,35.33,,22.71,,,,27.79,14.4,11.5,64.6,20.6,7.4,19.89,,42.74,,,31.99,,
2011-05-01,,31.03,1.69,22.39,31.4,37.2,48.88,43.12,,,29.42,32.95,6.42,54.0,52.71,34.95,84.0,,65.0,,,,,,,,,,,13.1,7.5,,15.1,,,35.4,,22.55,,,,27.81,14.3,13.9,,23.8,,20.07,,42.82,,,31.91,,
2011-06-01,,31.11,1.86,22.47,31.35,37.39,49.01,43.5,,,29.84,34.78,6.81,55.5,53.62,35.25,86.0,,65.8,,,,,,,,,,,13.0,7.4,,15.1,,,35.53,,22.17,,7.36,,27.73,21.3,17.3,64.0,25.9,12.9,20.23,,42.53,,,31.47,,
2011-07-01,,31.39,1.98,22.77,31.4,37.63,49.0,43.72,,,29.57,34.94,7.11,55.4,53.79,35.15,86.0,,65.7,,,,,,,,,,,13.3,7.8,,15.0,,,35.57,,21.76,,,,27.93,23.9,19.7,64.0,26.1,14.0,20.54,,42.72,,,31.24,,
2011-08-01,,31.5,2.37,22.85,31.49,37.95,49.28,43.0,,,30.07,35.22,7.11,55.8,54.39,,86.8,,66.2,,,,,,,,,,,12.9,7.55,,14.9,,,,,,,,,,24.9,20.8,64.7,26.2,14.7,,,42.63,,,,,
2011-09-01,9.25,31.8,2.66,22.8,31.43,38.21,49.2,42.8,,,30.16,35.51,7.56,56.3,54.6,,87.0,,66.4,,,39.7,,,,,,,,13.0,7.7,,14.9,,,36.03,,21.62,,6.28,,27.94,18.7,23.0,64.2,26.0,17.3,20.78,,42.67,,,31.17,,
2011-10-01,9.21,31.94,2.89,,31.6,38.31,49.25,43.99,,,30.35,35.79,7.81,56.4,,,87.2,,66.3,,,,,,,,,,,13.0,7.8,,15.1,,,36.19,,21.58,,,,28.02,24.4,23.2,64.3,22.4,17.35,21.08,43.3,42.8,,,31.46,,
2011-11-01,7.1,31.87,2.81,24.87,31.52,38.47,49.05,42.86,,,30.27,35.97,,56.3,55.23,,,,67.2,,,37.98,,,,,,,,13.1,7.8,,15.2,,,36.33,,21.7,,,,,28.2,6.6,64.15,20.2,17.3,21.33,,42.67,,,31.53,,
2011-12-01,7.52,32.08,3.22,25.32,31.18,38.75,49.45,45.03,,,30.41,36.1,7.17,56.5,,,87.9,,67.4,,,36.0,,,,,,,,13.0,,,15.2,,,36.32,,21.96,,7.33,,28.35,25.4,23.2,,26.8,,21.4,44.05,42.8,,,31.87,,
2012-01-01,7.71,32.21,3.39,25.56,31.17,39.7,49.4,45.11,,,30.41,36.56,7.48,57.0,55.67,,88.2,,67.4,,,36.9,,,,,,,,13.15,8.1,5.4,15.34,14.9,17.25,36.78,,22.18,,,,,26.9,22.4,64.3,22.8,18.1,22.1,,42.82,,,32.14,,
2012-02-01,9.36,32.55,3.61,25.94,31.73,39.44,49.7,45.6,,,31.01,36.71,7.86,57.3,,,88.5,,68.0,,,35.5,,,,,,,,13.25,8.5,5.6,15.6,15.05,18.0,37.08,,22.58,,,,,26.8,24.1,,28.28,,22.0,,42.85,,,32.48,,
2012-03-01,9.79,32.89,3.88,26.23,31.04,39.69,49.9,45.87,,,,36.75,8.07,57.2,56.05,37.85,88.7,36.7,68.0,,,36.9,,,,,,,,13.5,8.75,5.8,15.6,15.2,17.8,37.01,,22.66,,7.52,,,28.6,26.8,64.8,29.1,19.9,21.9,45.2,42.51,,,32.68,,
2012-04-01,7.42,33.13,3.98,26.4,31.7,39.78,49.95,46.1,,,31.67,36.83,8.31,57.2,56.36,37.75,88.7,,68.2,,,37.0,,,,,,,,13.5,8.3,5.0,15.8,15.4,17.9,37.64,,22.98,,,,,,,64.8,,20.45,21.77,,42.6,,,33.1,,
2012-05-01,7.94,33.38,4.16,26.49,32.02,40.05,49.95,46.35,,,31.79,36.75,7.46,56.9,,38.75,89.3,38.2,68.7,,,37.3,,,,,,,,13.4,8.35,5.35,16.1,15.35,18.0,37.71,,,,,,,,,,,17.6,21.7,,42.5,,,,,
2012-06-01,7.53,33.61,4.33,26.5,32.52,40.1,50.2,46.56,,,31.89,36.65,6.7,56.9,56.0,37.95,89.4,37.5,69.2,,,38.2,,,,,,,,13.4,8.25,,16.1,15.5,18.2,37.83,,22.53,,6.24,,,,,65.35,,15.4,21.62,,42.72,,,33.6,,
2012-07-01,8.1,33.73,4.55,26.52,32.16,40.05,,46.95,,,31.49,37.12,6.76,57.0,,38.65,89.5,38.5,69.4,,,38.0,,,,,,,,13.5,8.15,,15.8,,,37.79,,22.31,,,,,,,65.7,,13.6,21.56,,42.96,,,33.45,,
2012-08-01,9.61,33.8,4.76,26.5,32.1,40.63,50.0,47.07,,,31.46,37.38,7.13,56.6,,38.05,89.6,38.5,69.6,,,38.0,,,,,,,,13.4,8.2,,15.6,,,37.88,,22.05,,,,,,,66.0,,13.9,,,42.41,,,33.56,,
2012-09-01,10.09,33.89,4.87,26.54,32.4,40.79,50.02,47.03,,,31.76,37.56,7.39,56.6,57.05,37.95,89.5,38.7,69.7,,,38.3,,,,,,,,13.35,8.0,,15.7,15.5,18.3,38.2,,22.31,,6.4,,29.98,,,,,,21.7,,42.62,,,33.74,,
2012-10-01,11.95,33.85,4.99,26.65,33.2,40.95,50.06,46.48,,,32.28,37.91,7.59,56.7,57.01,,89.6,39.0,70.0,,,38.5,,,,,,,,13.6,8.0,,15.3,15.55,17.0,38.16,,,,,,29.96,,,66.3,,13.8,21.81,46.7,42.8,,,34.02,,
2012-11-01,9.27,33.83,4.83,26.68,33.4,40.49,50.5,45.42,,,32.31,37.86,7.66,,56.55,38.75,,39.2,,,,38.5,,,,,,,,13.55,7.8,,14.8,15.5,17.0,,,22.68,,,,30.01,,,,,13.7,21.83,,42.8,,,34.23,,
2012-12-01,8.74,33.73,4.96,26.59,33.3,40.89,51.22,46.61,,,32.02,37.85,6.82,56.9,56.69,38.75,89.7,39.2,70.8,,,38.8,,,,,,,,13.45,8.0,5.6,15.15,15.4,16.45,37.99,,22.81,,6.31,,30.02,,,66.4,,13.8,21.8,48.2,42.73,,,34.42,,
2013-01-01,8.73,33.87,5.17,26.67,33.44,41.12,50.65,45.62,,,32.66,37.57,6.8,57.5,56.4,38.75,89.7,39.5,70.9,,,38.8,,,,,,,,13.2,7.8,5.2,15.2,15.1,16.4,38.29,,22.87,,,,30.12,21.7,16.0,66.2,,13.2,21.74,,,,,,,
2013-02-01,8.75,33.98,5.29,26.74,33.54,41.33,50.68,46.81,,,32.74,38.07,7.06,57.7,56.4,38.75,89.7,39.5,70.5,,,38.8,,,,,,,,16.3,8.0,5.2,15.4,15.1,16.4,38.49,,23.2,,,,30.28,21.8,,,,13.7,,47.75,,,,,,
2013-03-01,7.7,34.07,5.36,26.81,33.16,41.38,50.74,46.97,,,32.74,38.18,7.24,57.2,56.4,38.75,89.65,,70.6,,,,12.52,,,,,,,13.1,7.6,5.7,15.3,15.0,16.15,38.57,,23.25,,6.23,,30.42,,,,,11.2,21.71,47.75,,,,,,
2013-04-01,,33.94,4.94,26.9,33.63,41.4,50.07,45.9,,,33.01,36.96,6.72,56.7,56.77,35.0,89.5,39.7,71.2,,,,,,,,,,,13.1,7.5,5.0,14.8,15.0,16.0,38.54,,23.2,,,,,,21.2,,,8.5,21.81,,,,,,,
2013-05-01,,33.95,4.1,26.55,33.4,39.83,50.4,45.9,,,32.57,36.7,5.38,,,34.0,88.3,39.2,70.3,,,,,,,,,,,13.1,7.0,4.4,14.4,15.0,15.8,38.61,,22.87,,,,30.57,,,,17.45,,21.75,,,,,,,
2013-06-01,,33.79,4.0,26.23,33.17,39.81,50.0,45.81,,,32.07,36.48,5.35,55.2,,33.7,,,,,,39.3,,,,,,,,12.45,6.9,4.55,14.4,14.2,15.6,37.77,,22.26,,6.06,,,,,,,4.4,21.8,46.5,,,,,,
2013-07-01,9.99,33.79,4.06,25.98,33.48,39.84,50.2,46.05,,,31.98,37.79,6.0,55.6,54.77,33.95,86.8,39.0,70.3,,,,,,,,,,,12.4,6.9,5.15,14.3,14.4,15.05,37.63,,22.07,,,,30.23,,,,,4.8,,,,,,,,
2013-08-01,10.34,33.72,4.07,25.89,33.1,39.84,49.95,45.23,,,31.92,36.11,6.69,55.5,,,86.8,39.0,70.5,,,38.5,,,,,,,,12.15,7.2,5.4,14.25,14.5,15.9,,,,,,,,,,,21.0,,,,,,,,,
2013-09-01,10.31,33.85,4.34,26.55,33.05,39.93,50.03,45.21,,,31.97,36.52,7.26,56.1,,33.7,86.8,39.0,69.6,,,38.5,8.6,,,,,,,12.5,7.1,5.2,14.3,14.0,15.8,37.79,,21.78,,6.3,,30.18,,14.1,,21.43,5.25,,46.8,,,,,,
2013-10-01,10.5,33.84,4.5,26.65,33.12,40.03,50.0,45.4,,,32.21,36.89,7.12,56.3,,33.7,88.0,39.2,69.7,,,38.3,9.62,,,,,,,13.0,7.6,5.25,14.0,14.4,15.4,37.94,,22.16,,,,,,,,,14.0,,,,,,,,
2013-11-01,9.95,33.98,4.72,26.64,33.07,39.66,50.56,45.7,,,32.18,37.04,7.9,56.7,56.61,36.75,88.1,39.2,69.8,,,,10.78,,,,,,,13.0,7.5,5.2,14.45,14.35,15.7,,,22.21,,,,30.21,,19.1,,26.5,,,,,,,,,
2013-12-01,8.36,33.87,3.88,,34.05,39.43,50.15,45.39,,,,36.9,7.35,56.6,55.9,,88.4,39.2,69.5,,,38.8,11.48,,,,,,,13.3,7.6,5.75,14.3,14.5,16.0,38.1,,22.4,,6.25,,30.28,25.09,8.0,,25.91,13.92,,,,,,,,
2014-01-01,7.54,33.94,3.21,26.29,35.0,38.79,49.5,45.4,,,31.89,35.7,8.35,56.3,54.68,,88.0,38.7,69.4,,,38.8,11.22,,,,,,,12.9,6.7,5.0,13.7,14.4,16.0,37.69,,22.26,,,,30.18,13.73,1.95,,17.3,9.19,,,,,,,,
2014-02-01,7.48,32.62,1.66,25.42,35.25,,,44.95,,,32.03,35.02,6.95,54.7,54.06,,86.3,38.0,,,,38.5,11.04,,,,,,,12.4,6.0,4.5,13.3,13.8,15.4,36.74,,21.38,,,,,8.58,3.68,,13.3,9.18,,,,,,,,
2014-03-01,8.89,31.98,1.53,24.48,32.15,,48.65,43.9,,,29.27,33.28,7.06,54.7,,33.96,85.1,37.5,68.0,,,37.8,11.22,,,,,,,12.25,6.4,4.4,12.1,13.55,15.1,35.56,,,,5.9,,28.92,8.74,3.6,,13.98,9.18,,43.2,,,22.74,,,
2014-04-01,7.66,31.66,1.62,24.11,33.0,,49.3,43.25,,,29.04,33.14,8.15,54.6,,34.04,85.2,37.2,67.3,,,37.0,11.3,,,,,,,12.2,7.15,4.75,13.5,13.6,15.0,35.13,,20.46,,,,28.67,12.83,6.52,,18.97,9.15,,,,,22.33,,,
2014-05-01,9.43,31.69,1.85,24.08,32.5,,49.2,43.2,,,29.12,33.0,8.36,55.1,,34.05,85.2,37.2,67.1,,,36.8,11.4,16.31,,13.3,23.91,,,12.15,7.0,4.8,12.7,13.3,15.1,35.17,27.6,20.4,,,,28.44,14.99,8.14,,20.52,9.23,,,,,23.35,,,
2014-06-01,10.06,31.76,1.96,24.01,33.2,,50.3,43.12,,,29.29,33.07,8.36,55.3,,34.1,85.8,38.0,67.1,,,,10.21,,,,,,,12.3,7.0,4.95,12.7,13.45,15.25,35.44,,20.25,,5.9,,28.42,17.55,10.63,63.13,22.62,9.4,,41.85,,,22.07,,,
2014-07-01,7.3,31.89,0.87,23.45,35.4,,50.35,43.03,,,29.31,32.88,9.03,55.4,,33.35,85.9,37.0,66.4,,,,8.92,,,,,,,12.15,6.6,5.0,12.7,13.8,15.25,35.48,,19.88,,,,28.38,16.11,9.76,63.48,21.18,9.08,,,,,21.74,29.83,,
2014-08-01,8.21,31.3,0.99,21.7,30.48,,50.0,42.31,,,29.31,32.57,6.9,55.2,,,85.4,,66.2,,,,,,,,,,,12.0,6.5,4.7,12.1,13.4,15.1,,,,,,,,13.1,7.0,63.3,18.48,9.02,,,,,21.16,,,
2014-09-01,8.46,31.2,1.39,24.03,30.34,,49.8,42.2,,,28.92,32.5,7.65,55.2,,33.15,85.4,36.5,66.4,,,35.8,7.58,,,,,,,12.0,6.9,4.85,11.9,13.1,14.6,34.76,,18.74,,5.9,,27.83,15.32,9.04,63.34,20.78,9.74,,,,,20.5,28.76,,
2014-10-01,8.85,31.03,1.52,24.14,30.27,,49.5,42.25,,,28.77,32.85,8.55,55.5,,32.75,86.1,36.2,66.5,,,35.5,8.29,,,,,,,12.15,6.9,5.0,12.3,13.5,14.75,34.77,,18.7,,,,27.73,19.02,,,23.81,9.85,,40.1,,,20.66,28.08,,
2014-11-01,8.6,30.56,0.92,23.56,29.42,32.68,48.75,42.18,,,28.69,31.9,8.76,54.2,,31.45,86.0,35.5,66.3,,,35.3,9.4,15.2,,10.46,24.65,,,12.1,2.0,3.0,11.4,13.2,14.25,34.39,26.85,18.48,,,,27.6,10.19,,62.93,15.49,9.75,,,,,20.88,28.0,,
2014-12-01,8.49,29.94,0.68,22.84,30.05,33.54,48.7,41.95,,,26.78,31.02,6.76,54.0,,31.15,85.3,34.7,65.1,,,36.0,9.62,,,,,,,11.8,4.9,3.8,11.3,12.9,13.9,,,17.69,,5.8,,,9.41,,62.91,15.04,9.79,,39.2,,,19.22,,,
2015-01-01,7.68,29.62,0.68,22.39,27.86,33.54,50.15,41.16,,49.71,26.47,31.2,7.89,53.8,,31.25,83.7,34.7,65.1,,,33.8,10.59,,,,,,,12.0,6.0,4.55,11.1,12.8,14.4,32.24,,17.58,,,,26.93,12.83,9.18,62.24,18.51,9.81,,,,,,26.46,,
2015-02-01,7.49,29.95,0.59,22.56,27.55,33.91,48.7,40.95,,48.81,26.42,32.6,8.16,54.5,,27.75,83.8,,64.4,,,,11.07,15.9,,11.84,23.83,,,12.5,6.0,4.6,11.5,12.9,14.4,,25.42,17.61,,,,27.0,13.53,9.46,62.39,18.58,9.79,,,,,19.11,26.3,,
2015-03-01,7.68,29.8,0.58,22.67,27.1,33.85,48.3,40.88,,49.81,26.4,35.55,8.2,54.5,,32.05,83.8,34.7,64.6,,,33.0,11.12,15.99,,12.36,24.06,,,12.0,6.0,4.7,11.25,13.0,14.55,,27.32,,,6.12,,,16.2,9.49,61.5,21.44,9.77,,38.6,,,19.25,,,
2015-04-01,10.99,29.92,0.64,22.94,26.9,34.09,48.69,40.8,,49.9,26.16,35.55,,55.3,,30.08,85.2,34.5,64.7,,,32.3,11.58,16.25,,12.94,25.3,,,11.7,6.4,5.0,12.0,12.8,14.4,,25.8,17.34,,,,27.0,17.72,11.07,62.29,22.71,9.78,,,,,19.51,26.1,44.44,
2015-05-01,11.25,29.82,0.5,23.16,27.2,34.25,48.7,40.8,28.4,49.7,26.44,35.7,8.9,55.5,51.76,31.35,85.8,34.5,65.2,,,32.0,10.82,13.73,,13.09,24.31,,,11.6,6.3,4.9,12.3,13.1,14.7,,25.84,17.3,29.35,,,27.07,20.59,13.28,62.27,24.72,10.38,,,,,19.72,26.08,,
2015-06-01,12.19,29.98,0.49,23.47,27.0,34.37,48.8,41.0,36.4,49.74,26.62,33.57,8.84,55.6,,31.75,86.2,34.5,65.7,,,31.8,9.2,,,11.36,24.0,,,12.0,6.0,4.7,11.25,13.0,14.55,,25.78,17.01,,7.0,,,23.17,17.97,61.75,25.98,13.09,,39.0,,,19.72,26.2,,
2015-07-01,13.44,30.36,0.39,23.53,27.5,34.45,48.85,41.0,36.37,49.85,26.77,34.15,8.45,55.6,,32.75,86.9,34.7,65.9,,,32.0,,,,10.28,23.72,,,12.0,5.9,5.0,12.1,13.4,14.8,32.76,25.35,16.93,,,,27.22,26.38,21.01,61.16,27.41,,,,,,19.81,26.23,,
2015-08-01,13.67,30.22,0.08,23.49,27.73,34.93,48.8,41.17,35.73,49.92,27.09,33.77,9.12,55.6,,31.65,86.9,35.0,65.9,,,32.0,,13.1,,,,,,12.25,6.1,5.0,12.2,13.3,14.7,,,,,,,,27.48,22.89,61.93,27.73,17.23,,,,,19.98,,,
2015-09-01,13.7,30.28,0.09,23.65,28.95,35.24,48.9,41.45,36.03,50.1,27.22,34.2,9.45,55.6,,32.95,87.2,35.2,66.3,,,32.3,8.39,14.2,,9.46,23.97,,,11.8,6.1,4.8,12.05,13.35,14.4,33.24,25.17,16.73,,6.35,,27.26,29.03,22.1,61.17,28.13,17.99,,,,,20.32,26.52,,
2015-10-01,12.99,30.26,0.26,23.67,29.0,35.4,48.8,41.68,36.3,50.05,27.23,,9.41,55.6,55.24,,87.3,35.2,66.5,,32.39,32.31,,15.14,,9.95,24.1,,,11.8,6.1,4.65,12.2,13.5,14.65,,25.43,16.85,,,,27.26,27.31,21.77,51.25,27.8,18.94,,39.1,,,20.6,26.81,48.14,
2015-11-01,13.96,30.43,0.4,23.74,27.85,35.51,49.0,41.76,36.63,50.26,27.3,,8.7,55.9,,33.25,87.4,35.2,66.4,,,32.3,,16.0,,11.52,24.32,,,12.1,6.2,5.0,12.25,13.3,15.0,,25.84,17.0,30.5,,,27.36,27.67,22.6,51.25,27.76,18.88,21.11,40.77,38.8,,20.97,27.12,,
2015-12-01,14.62,30.4,0.67,23.93,27.79,35.92,49.05,41.9,36.9,50.51,27.34,,9.28,56.0,,33.55,87.7,35.7,66.4,,31.37,32.8,11.16,16.47,,12.51,24.52,,,12.1,6.85,5.2,12.6,13.6,15.1,33.76,26.13,17.3,,6.1,,,28.59,24.97,51.26,27.89,19.28,,,,,21.61,27.45,,
2016-01-01,16.07,27.75,1.04,,27.5,36.28,49.5,42.16,37.35,50.85,27.67,35.63,9.58,57.1,,32.5,87.1,,66.1,22.32,,,,17.06,,13.55,24.84,,,12.45,6.6,5.0,13.0,13.5,15.1,33.89,26.59,17.76,,,,27.89,28.55,23.85,51.26,28.36,20.26,22.1,,,,22.15,,,
2016-02-01,14.43,28.24,1.23,20.55,28.8,36.49,49.5,42.52,37.76,50.95,27.94,35.89,9.77,55.7,57.65,34.1,87.2,36.2,66.2,23.23,33.09,33.8,12.05,17.65,22.0,14.24,25.13,14.81,13.07,12.9,7.25,5.0,13.0,13.7,15.6,34.28,27.06,17.91,31.82,6.2,8.17,28.18,29.22,24.48,51.25,28.98,19.3,22.15,39.9,40.9,13.1,22.68,28.4,50.15,21.85
2016-03-01,9.22,28.28,1.38,20.78,28.5,34.89,49.7,42.83,38.03,51.1,28.15,35.95,9.6,55.7,,34.45,87.3,36.1,66.4,24.1,,34.0,12.12,17.73,21.21,15.1,25.07,15.08,13.21,13.1,7.0,4.65,13.0,14.0,15.4,34.41,27.12,17.13,32.18,,8.15,28.34,28.31,23.42,,27.77,16.0,22.15,,,12.82,22.9,,,21.89
2016-04-01,9.41,28.53,1.4,20.85,28.5,35.23,49.75,43.0,38.39,51.12,28.09,35.95,9.0,56.75,57.51,34.85,88.5,36.5,67.6,22.47,33.09,34.3,11.98,17.82,22.43,15.38,25.15,15.83,13.5,,7.0,,,14.41,15.92,34.64,27.21,18.18,32.12,6.77,8.01,28.41,,19.32,63.62,26.02,16.6,22.1,,,13.38,23.16,,51.5,21.73
2016-05-01,7.91,28.62,1.7,21.07,28.8,35.47,49.9,43.24,38.7,51.05,28.32,36.0,9.46,56.35,,34.75,88.7,36.5,67.8,25.56,,34.8,11.96,17.12,22.17,15.39,25.05,16.21,12.73,13.0,7.12,5.0,13.05,,,35.79,27.33,18.13,33.42,6.95,7.97,28.6,,19.58,64.59,26.91,14.6,22.8,41.35,41.1,13.49,23.35,28.95,50.89,21.23
2016-06-01,7.39,28.68,1.75,21.1,29.1,35.23,49.9,43.41,38.99,50.99,28.39,35.52,8.55,56.2,57.65,34.85,88.8,36.7,68.1,25.67,32.77,34.8,9.1,16.11,20.62,14.41,25.54,14.43,11.3,12.7,6.65,4.4,13.2,14.1,15.5,34.71,27.28,18.06,32.22,,,28.67,,17.9,73.94,25.81,9.7,22.6,,41.4,12.84,22.9,,,21.73
2016-07-01,12.57,28.79,,,29.13,35.33,49.9,43.5,39.15,51.03,28.59,35.63,8.61,56.1,57.32,35.25,88.5,36.7,68.0,23.31,32.79,35.0,,14.6,19.75,13.02,24.21,15.4,10.09,12.4,6.6,5.0,13.1,14.15,15.8,,26.99,,31.83,,,28.98,,8.24,74.12,19.12,9.7,22.4,,42.39,12.89,22.7,,,21.23
2016-08-01,13.17,28.79,1.96,21.05,28.8,35.67,49.9,43.5,39.42,51.12,28.7,35.88,8.72,55.9,,35.05,88.3,36.7,68.3,23.48,,35.3,12.14,13.74,19.47,11.32,23.94,10.21,8.85,12.1,6.4,4.6,13.0,13.8,15.4,35.89,27.83,18.65,32.42,5.9,,29.39,,9.04,73.93,20.6,9.7,22.5,43.2,41.7,12.85,22.4,29.43,52.9,21.83
2016-09-01,13.66,28.84,2.13,20.85,29.2,35.9,,43.64,39.63,51.37,28.84,36.17,9.07,56.1,,35.55,88.5,37.0,68.1,22.73,,35.3,,14.07,19.44,10.33,23.92,10.53,8.75,12.3,6.6,5.1,12.75,13.9,15.4,36.9,26.08,17.62,32.52,,,30.05,,10.39,74.31,21.66,19.85,22.4,,42.7,12.82,22.62,,,21.73
2016-10-01,,28.85,2.34,21.1,29.3,36.05,49.9,43.77,39.85,51.55,29.02,35.9,9.23,56.4,57.22,35.75,88.5,37.9,68.7,22.0,32.77,35.5,9.63,15.31,19.44,11.41,24.5,12.51,10.12,,,,,,,35.66,26.34,18.75,32.72,6.18,,30.0,,14.02,74.31,24.88,11.57,,,40.5,13.0,22.92,,52.8,
2016-11-01,,29.02,2.52,21.1,29.95,36.3,49.6,43.97,39.99,51.63,29.15,36.52,9.08,56.4,57.73,35.55,88.8,37.2,68.7,24.28,32.6,35.8,10.01,16.12,21.37,12.6,24.76,12.73,11.33,12.7,6.8,5.0,12.9,13.9,15.45,35.9,26.87,18.81,32.12,6.2,,30.6,,15.93,74.31,25.7,13.1,23.7,43.45,41.4,13.39,22.98,29.85,52.31,20.73
2016-12-01,,28.89,2.38,,30.8,36.02,51.0,44.14,40.07,51.64,29.32,36.53,9.08,56.7,,34.75,89.2,37.2,68.4,24.3,,35.6,10.8,16.62,21.56,13.36,24.89,12.55,11.93,,,,,,,35.95,27.01,18.8,32.72,,,30.82,,14.73,74.33,24.22,11.36,23.6,,40.27,13.09,23.1,,,20.63
2017-01-01,,29.11,2.78,21.72,30.6,36.47,51.0,44.24,40.54,51.83,29.5,36.51,8.8,56.9,,,89.6,37.5,69.2,,,36.0,11.05,17.1,21.98,14.16,25.06,13.05,12.46,,,,,,,36.39,27.12,19.26,31.22,,10.95,30.32,23.06,15.4,74.52,25.28,,,,,13.5,23.6,,,21.63
2017-02-01,,29.38,2.94,,31.0,36.81,49.9,44.42,40.74,51.95,29.76,36.78,9.23,57.1,57.55,34.75,89.7,37.7,68.8,24.52,32.84,36.3,11.86,17.8,22.47,14.92,25.3,13.42,13.03,,,,,,,36.79,27.68,19.49,32.6,6.25,11.0,31.4,23.85,18.13,74.53,27.13,,,,,13.74,24.02,,52.6,
2017-03-01,,29.47,3.11,21.81,30.82,37.02,49.6,44.53,40.93,52.07,30.0,36.91,9.35,56.9,,35.95,90.4,37.7,70.5,,,36.5,12.06,18.18,22.71,15.62,25.36,13.38,13.43,13.15,7.26,5.37,,14.39,17.56,36.31,27.92,19.98,32.59,,11.46,29.4,24.63,18.87,74.65,27.29,15.19,22.7,43.64,41.2,13.46,24.45,30.12,52.6,23.33
2017-04-01,,29.81,3.34,22.07,30.8,37.2,49.7,44.76,41.31,52.13,30.36,37.13,9.43,57.5,,36.25,90.4,38.0,69.6,23.1,33.39,38.0,12.56,18.39,22.66,16.11,25.55,13.4,13.86,13.02,,5.21,14.03,14.47,16.04,36.56,28.25,19.93,32.62,6.98,10.91,29.58,25.04,19.43,74.94,27.55,18.35,,,,14.15,25.75,,,
2017-05-01,,29.9,,22.25,31.0,37.45,49.8,44.98,42.45,52.1,30.58,38.3,9.43,57.5,58.0,37.65,90.1,38.0,70.0,,,37.0,11.88,17.76,22.6,16.05,25.55,13.72,13.47,12.98,,4.96,13.96,14.36,16.02,36.79,28.28,19.95,32.88,6.45,10.73,30.01,25.95,20.66,74.99,27.64,13.65,22.92,,42.1,13.28,,,,
2017-06-01,,30.28,3.69,22.37,31.8,37.65,49.55,45.23,41.89,52.15,30.98,37.04,9.47,57.4,54.22,38.05,90.5,38.2,70.2,25.42,33.39,37.5,11.15,15.88,20.32,14.24,25.12,14.55,11.9,13.19,,5.24,,14.61,16.18,36.66,28.12,19.98,32.95,,10.99,29.19,24.37,19.52,75.11,26.59,14.0,22.9,44.4,41.3,14.2,24.81,31.17,53.4,23.53
2017-07-01,,30.52,,,31.55,37.62,49.75,45.34,42.1,52.1,31.1,,9.08,,,36.05,,38.2,,,,37.8,11.99,14.29,19.82,12.96,24.17,10.9,10.51,13.28,,5.3,,14.68,16.24,36.52,27.67,20.41,34.02,,6.11,30.25,23.42,17.61,75.13,25.7,14.0,,,,13.85,24.52,,,
2017-08-01,,30.45,4.0,22.62,32.05,37.94,50.0,45.51,42.46,52.21,31.29,37.13,9.33,57.3,,37.5,89.6,38.5,70.2,25.66,,38.3,9.22,13.84,19.29,10.63,24.58,8.6,9.71,,,,,,,36.65,27.34,20.33,34.05,6.4,5.85,30.2,22.86,17.67,75.08,25.96,24.85,,,,13.39,24.34,,,
2017-09-01,8.62,30.53,4.22,22.78,32.05,38.21,48.9,45.65,42.69,52.41,31.48,32.2,9.53,56.8,,38.75,89.8,38.5,70.3,,33.83,38.3,8.4,14.17,19.53,10.3,24.6,8.65,9.09,13.36,,5.42,13.94,14.76,16.52,37.22,27.05,20.58,32.5,,5.65,30.4,,18.01,75.39,26.1,14.23,22.9,46.3,41.45,13.17,24.45,31.9,54.7,23.88
2017-10-01,9.03,30.65,4.42,22.87,31.8,38.42,50.6,45.87,42.9,52.57,31.6,37.48,9.63,56.7,58.02,38.5,89.6,38.7,70.3,24.0,33.83,38.5,8.29,16.09,21.23688921,11.56,24.97,8.75,10.31,13.48,7.42,5.5,14.02,14.84,17.01,37.71,27.32,20.73,32.38,6.5,5.8,30.34,,19.78,75.45,27.04,15.7,,,,13.2,24.467,,,
2017-11-01,,,4.62,,32.7,,50.15,46.2,43.15,,31.77,37.61,9.91,56.7,,36.95,89.8,39.0,70.4,23.5,,38.3,10.68,16.63,21.61874444,12.74,25.1,10.3,11.67,13.6,7.26,5.08,14.14,13.3,16.48,37.99,27.79,20.93,32.75,6.5,6.79,30.5,,19.95,75.47,27.63,16.4,22.8,,41.34,13.45,24.608,,55.6,
2017-12-01,,30.84,4.8,21.55,32.75,38.7,,46.06,43.26,52.12,31.94,37.72,10.08,57.1,57.6,37.15,89.9,39.2,70.5,25.52,33.4,38.5,11.7,17.5,22.08456183,13.81,25.59,11.48,12.62,13.68,7.35,5.32,14.2,13.34,16.55,38.01,28.33,21.12,32.95,,7.65,28.4,,20.4,75.56,27.73,15.83,23.1,48.8,41.65,13.54,24.889,32.35,54.9,24.43
2018-01-01,,30.75,4.97,22.09,33.1,38.8,50.5,46.83,43.66,52.96,32.19,37.91,9.91,57.4,,37.5,89.2,39.2,70.7,,,38.8,11.05,18.18,22.50664382,14.85,25.7,13.1,13.2,16.73,7.32,5.02,14.75,15.7,16.8,36.2,28.76,20.85,32.54,,,30.56,23.62,18.35,75.57,26.23,14.43,,,,13.5,25.19,,,
2018-02-01,,31.11,5.09,23.13,33.0,39.31,51.27,46.25,43.86,53.05,32.42,38.11,9.58,57.9,59.03,38.15,90.3,39.5,71.1,25.0,34.12,39.0,12.7,18.67,22.74346093,15.56,25.86,13.25,13.74,13.0,7.46,5.06,14.98,15.76,16.9,36.14,29.15,20.43,33.3,6.7,,31.26,23.96,18.83,75.52,26.8,15.15,,,,,25.53,,,
2018-03-01,,31.3,5.26,23.79,32.8,39.7,,46.44,44.1,53.04,32.6,38.09,9.86,57.8,,37.5,90.5,39.7,71.4,,,39.0,12.06,19.07,22.9875672,16.02,25.96,13.31,14.08,12.97,,5.04,15.1,15.74,16.88,36.35,29.48,20.5,33.36,,,31.3,20.18,15.47,75.13,23.75,11.78,22.5,48.3,43.75,13.63,25.88,33.3,56.0,27.04
2018-04-01,8.62,31.43,5.37,25.33,33.02,39.52,51.01,46.71,44.41,52.96,32.77,37.7,9.16,57.5,57.35,38.25,91.0,39.7,71.5,24.32,33.7,39.3,12.56,19.32,22.83113889,16.04,25.99,13.58,14.29,13.75,,4.77,14.89,15.78,16.65,36.52,29.71,20.36,33.44,6.57,,29.79,15.35,11.96,75.6,20.85,9.75,,,,13.05,25.94,,,
2018-05-01,8.33,31.41,5.42,25.51,33.23,39.62,51.12,46.71,44.54,52.87,32.86,37.4,8.65,57.4,,37.55,90.4,39.7,71.8,,,39.5,11.88,18.82,21.97,14.97,26.04,13.44,13.81,12.84,7.31,4.94,14.87,15.62,16.74,36.65,29.76,20.12,33.72,6.09,,29.64,16.28,12.2,75.13,22.46,9.74,,48.04,,12.38,25.79,,59.0,
2018-06-01,,31.61,5.43,25.65,33.22,39.56,51.18,46.58,44.6,52.66,32.86,37.24,8.79,56.5,57.07,38.05,90.0,40.0,72.2,,33.25,39.5,,17.46,21.38,14.48,25.83,13.4,12.43,12.78,7.18,4.96,14.9,15.56,16.72,36.3,29.48,20.87,31.27,6.59,7.29,30.83,19.11,16.11,75.14,24.8,11.6,22.6,47.9,43.3,12.42,25.62,33.85,56.1,26.88
2018-07-01,,31.66,5.5,,33.65,39.65,,,44.58,52.63,32.93,37.18,8.92,56.4,,38.65,89.3,40.0,71.7,24.7,,39.5,,15.42,19.91,12.44,25.44,,11.11,,7.4,5.2,15.2,15.8,16.86,36.27,29.09,20.73,31.2,6.57,7.12,31.12,19.5,,75.2,26.3,13.3,,49.1,,12.54,25.33,,59.1,
2018-08-01,8.1,31.61,5.5,25.97,33.5,39.59,51.2,46.41,44.4,52.81,32.96,37.2,9.31,56.2,56.78,36.35,89.8,,71.9,,32.91,39.8,,14.58,19.42,10.61,25.04,,11.44,,,4.86,14.73,,16.72,36.43,28.3,20.62,31.05,6.46,6.86,30.15,23.1,20.45,75.42,27.63,14.56,22.12,,41.58,12.65,25.0,,,
2018-09-01,9.83,31.52,5.6,25.76,33.62,39.7,51.28,,44.3,56.69,32.92,37.51,9.51,56.4,,38.85,89.0,40.2,71.7,,,39.8,,15.4,19.6,9.72,25.29,,10.36,13.56,7.16,4.62,14.63,15.52,16.58,36.05,28.19,20.6,30.82,6.41,6.73,30.35,25.01,31.27,75.49,27.94,15.84,21.95,48.0,42.85,,24.9,33.8,56.6,25.78
2018-10-01,9.47,31.62,5.71,25.63,33.78,39.91,51.15,46.66,44.4,53.19,33.03,37.67,9.01,56.5,,,89.4,40.5,71.8,,,39.8,,16.63,20.97,11.97,25.29,,11.42,13.72,7.02,5.48,14.92,15.3,16.78,36.53,28.49,21.05,30.97,6.53,6.62,30.42,26.7,21.5,75.35,27.7,15.6,,,,13.06,25.09,,,
2018-11-01,6.95,31.21,5.63,25.39,33.69,39.86,51.14,46.59,44.41,52.91,33.03,37.77,9.74,56.6,,,89.2,40.15,71.6,25.22,,40.0,,17.38,21.42,,25.72,,12.09,,,,14.63,,,36.85,28.8,20.95,31.13,6.48,6.61,30.54,18.25,13.97,75.01,22.71,10.8,,47.83,,12.85,24.89,,59.1,
2018-12-01,7.14,31.27,5.67,25.26,33.4,39.9,51.28,,44.43,52.26,33.05,37.71,9.23,56.6,,,89.6,40.5,71.6,,,39.8,,17.96,21.74,13.26,25.84,,12.79,,,,,,,36.8,29.13,20.88,31.16,6.51,6.56,30.79,19.63,13.96,75.7,23.21,11.4,22.2,48.1,41.55,12.49,24.96,34.2,61.6,23.3
2019-01-01,,,5.86,,33.86,40.08,,,44.58,53.09,33.16,37.88,9.65,57.0,,39.75,89.4,40.7,71.6,,,40.0,,18.6,22.04,14.51,26.2,,13.48,13.53,,,14.9,15.0,12.72,,29.51,,,,,,22.97,15.32,,24.74,12.39,,,,13.09,25.37,,,
2019-02-01,7.75,31.2,5.93,25.41,33.4,40.16,51.4,46.93,44.72,53.2,33.3,38.01,10.04,57.2,57.58,40.25,89.5,41.0,71.7,27.79,33.26,40.3,,19.15,,15.38,26.1,,13.99,13.62,,,,15.25,16.78,,29.71,,,,,,24.66,19.23,75.15,27.5,14.47,,,,13.31,25.81,,,
2019-03-01,7.95,31.33,6.04,25.52,33.5,40.38,51.38,46.91,44.98,53.31,33.4,38.18,10.29,57.3,,40.75,89.8,41.2,71.8,,,40.3,,19.64,,16.12,25.86,,14.5,12.1,,5.15,15.3,15.42,17.03,,30.22,,,,,,26.27,21.26,75.97,28.18,16.22,22.0,47.45,40.85,13.62,26.28,33.55,54.9,23.73
2019-04-01,8.35,31.41,6.18,24.62,34.3,40.57,51.41,47.0,45.19,53.28,33.69,38.33,10.51,,58.18,36.15,,41.2,,25.11,33.44,40.3,,19.91,,16.41,26.51,,14.91,14.02,,5.77,19.6,15.55,17.05,,30.49,,,6.99,,,26.37,20.98,75.98,27.62,14.82,,,,13.72,26.65,,,
2019-05-01,8.2,31.55,6.27,25.85,,40.66,51.44,47.21,45.28,53.25,33.86,38.36,10.32,57.9,,37.45,90.2,40.5,71.9,28.31,,40.5,,19.42,,16.25,26.57,,14.72,13.86,,5.51,16.04,15.53,16.94,,30.66,,,,,,21.41,21.76,75.97,26.8,13.98,,,,13.69,26.82,,57.83,
2019-06-01,7.83,,6.35,,34.4,40.74,51.49,47.25,45.63,,33.99,38.5,10.23,58.0,58.17,38.75,90.4,41.5,72.3,,34.66,40.0,,18.27,,15.91,26.36,,13.69,13.86,,5.51,16.1,15.7,17.5,,30.68,,,,,,24.11,18.42,76.19,26.45,13.93,22.2,47.6,40.9,13.62,26.78,33.65,55.1,23.88
2019-07-01,9.5,34.92,6.48,26.44,34.35,40.85,50.7,47.35,45.93,53.2,34.15,38.55,10.53,58.2,,39.55,91.0,42.5,72.2,26.75,,41.5,,16.47,,,25.8,,11.36,,,5.38,15.98,,17.55,,30.24,,,,,,24.07,19.1,,26.9,14.39,,,,13.48,26.45,,,
2019-08-01,9.88,32.09,6.64,26.28,34.46,41.3,51.66,47.43,,53.2,34.29,,10.75,58.0,58.25,39.15,91.5,42.0,72.7,,30.72,41.0,,15.22,19.7,11.32,25.8,,9.83,,,,,,,,29.56,,,,,,24.49,19.52,,26.69,14.3,,,,13.16,25.94,,,
2019-09-01,10.14,32.14,6.7,26.44,34.72,41.11,51.6,47.61,46.36,53.35,34.39,38.69,10.76,58.5,,39.25,91.3,,72.9,,,41.5,,15.22,19.66,11.13,25.53,,9.76,14.3,,5.43,15.96,16.34,17.73,,29.33,,,,,,23.95,19.39,75.5,26.59,,22.35,47.8,41.1,13.18,25.65,33.9,55.6,24.43
2019-10-01,9.19,31.9,6.82,26.52,35.2,41.26,51.6,47.86,46.58,53.39,34.4,38.78,10.96,58.5,58.19,,91.3,42.2,73.7,27.57039216,33.53,41.5,,16.51,20.76,11.83,25.73,,11.51,14.36,,5.65,15.83,16.06,17.34,,29.82,,,,,,23.22,18.5,,26.06,,,,,13.17,25.68,,,
2019-11-01,6.7,32.13,6.76,26.38,35.6,41.16,51.4,47.9,46.93,53.25,34.37,38.94,10.68,58.5,,,91.3,42.2,73.7,27.81361111,,41.5,,17.33,21.32,12.9,25.74,,11.81,12.84,,5.01,15.7,15.2,17.5,,29.82,,,,,,18.03,13.88,75.37,21.89,,,,,12.22,25.46,,,
2019-12-01,6.4,31.96,6.2,26.1,34.9,40.2,51.31,47.16,46.62,52.93,33.92,38.3,8.4,57.9,56.9,,91.0,41.7,73.5,27.85688172,32.9,41.3,,17.44,20.97,12.88,25.22,,11.9,14.0,,4.7,14.82,15.48,17.03,,29.6,,,,,,11.9,8.0,,17.7,17.9,22.45,47.9,41.2,,24.99,34.0,55.7,24.58
2020-01-01,6.62,31.7,5.26,25.7,34.8,39.45,49.95,47.5,46.24,52.65,33.42,36.93,7.8,56.7,,40.05,90.1,41.0,73.6,28.73962366,,41.5,,17.87,21.15,13.21,25.5,,12.65,,,,,,,,29.76,,,,,,9.68,8.08,75.14,19.14,17.62,,,,11.45,25.0,,,
2020-02-01,6.83,34.44,5.53,25.51,,39.75,51.0,47.3,,52.7,33.07,36.92,8.62,57.1,56.11,38.25,88.0,41.5,73.7,29.17606838,32.35,40.8,,18.49,21.54,13.99,,,,,,,,,,,,,,,,,14.3,11.89,74.98,22.48,19.3,,,,11.93,25.34,,,
2020-03-01,7.08,31.65,5.74,25.25,34.7,,51.13,46.68,,52.8,33.22,,9.17,56.9,,39.75,89.1,40.8,73.7,28.87,,40.8,,19.09,21.89,,,,,,,,15.3,,17.2,,,,,,,,16.47,14.08,74.89,24.57,20.1,22.7,49.5,41.4,,25.82,35.4,57.0,24.08
2020-04-01,7.05,32.15,,25.25,,,50.1,46.9,,52.63,33.4,,9.54,,57.17,,,40.8,,28.85,32.63,41.0,,19.46,22.18,,,,,,,,,,,,,,,,,,18.89,16.57,74.86,26.03,22.01,,,,,26.26,,,
2020-05-01,7.04,31.77,6.52,25.39,34.62,40.23,50.0,46.75,,52.75,33.73,,9.8,57.0,,,89.5,41.5,73.0,28.74,,41.0,10.65,18.39,21.92,,,,,,,,,,,,,,,,,,19.0,16.43,,25.78,21.37,,,,,26.41,,,
2020-06-01,6.76,31.83,6.1,25.05,34.42,40.16,50.04,46.69,46.66,52.24,33.82,,8.88,56.9,57.4,,89.5,41.3,72.0,28.81,33.43,41.5,9.41,16.52,20.95,13.39,25.37,,11.23,,,,,,,,29.86,,,,,,14.32,13.0,74.6,21.75,19.16,22.1,48.85,40.2,11.98,25.86,37.78,56.3,22.43
2020-07-01,7.35,,5.92,25.35,34.9,40.23,50.05,46.77,45.78,52.42,33.76,37.29,8.99,56.8,,,90.1,40.8,73.0,28.25,,41.3,8.35,14.95,20.04,,24.78,,9.44,,8.3,5.5,14.9,15.4,16.5,,29.02,,,,,,14.56,12.77,75.28,22.74,20.2,,,,,25.04,,,
2020-08-01,7.53,32.0,5.88,25.46,34.8,,51.4,46.52,,52.63,33.61,,9.27,57.4,,,89.9,,73.2,,,,7.48,14.51,19.89,10.47,25.77,,9.1,,,,,,,,29.43,,,,,,18.89,14.93,74.34,23.89,21.39,,,,12.27,24.59,,,
2020-09-01,8.01,31.95,5.69,,34.8,40.0,51.35,46.63,,52.76,33.52,,9.28,57.3,,,89.7,41.5,73.2,26.58742857,,41.0,8.18,15.37,20.42,,25.22,,10.03,,,,,,,,28.45,,,,,,19.1,16.91,74.3,25.91,22.08,22.5,48.65,40.1,,24.58,34.35,55.9,22.48
2020-10-01,6.71,31.8,5.66,25.3,34.6,39.73,50.98,46.75,45.23,52.63,33.38,,9.43,57.1,,38.5,89.7,41.0,72.0,26.68225806,,40.8,8.86,16.57,21.52,11.55,25.34,,10.99,,,,,,,,29.03,,,,,,19.22,16.65,74.25,25.85,21.56,,,,,25.03,,,
2020-11-01,7.05,31.55,5.45,25.22,34.7,39.84,51.15,46.71,,52.65,33.17,,9.02,,,37.6,,40.7,,26.8795,,40.8,9.5,17.45,22.16,,,,,,,,,,,,,,,,,,18.23,18.29,74.25,25.49,21.67,,,,,25.29,,,
2020-12-01,6.44,31.53,,25.16,34.8,39.99,51.2,46.77,,52.75,33.18,,9.18,,,38.0,,40.7,,26.85086022,,40.3,10.09,18.13,22.59,,25.57,,12.7,,7.9,5.2,14.2,,,,29.28,,,,,,16.26,14.29,73.68,24.01,20.43,22.55,48.45,40.2,,25.56,34.8,55.4,23.03
2021-01-01,6.62,31.51,5.5,24.7,35.0,39.93,,46.75,,52.79,33.18,,,,,,,40.5,,27.14467742,,40.3,,18.48,22.58,,25.6,,13.03,,,,,,,,29.42,,,,,,18.79,11.0,,,18.97,,,,12.08,25.71,,,
2021-02-01,6.46,31.0,5.38,24.59,34.25,39.85,51.2,46.61,,52.73,32.76,,,56.9,,,89.7,40.2,72.3,27.11886228,,40.3,,18.55,,14.36,25.8,,13.12,,,,,,,,29.36,,,,,,13.56,9.99,73.95,20.32,18.89,,,,11.85,,,,
2021-03-01,7.49,30.94,5.11,,34.07,39.4,51.08,46.48,,52.75,32.45,,,56.8,,,89.2,39.7,72.3,27.36741935,,40.0,,,,,,,,,,,,,,,,,,,,,15.96,11.97,73.79,22.78,20.39,,48.1,40.1,11.99,,34.35,53.25,23.13
2021-04-01,,,4.89,24.48,34.08,,50.96,,,,23.51,,,56.6,,,88.8,,72.1,27.34018868,,,,,,15.23,25.91,,13.88,,,,,,,,29.46,,,,,,,,,,,,,,12.39,,,,
