CODICE,x,y,z,COMUNE,gen-96,feb-96,mar-96,apr-96,mag-96,giu-96,lug-96,ago-96,set-96,ott-96,nov-96,dic-96,gen-97,feb-97,mar-97,apr-97,mag-97,giu-97,lug-97,ago-97,set-97,ott-97,nov-97,dic-97,gen-98,feb-98,mar-98,apr-98,mag-98,giu-98,lug-98,ago-98,set-98,ott-98,nov-98,dic-98,gen-99,feb-99,mar-99,apr-99,mag-99,giu-99,lug-99,ago-99,set-99,ott-99,nov-99,dic-99,gen-00,feb-00,mar-00,apr-00,mag-00,giu-00,lug-00,ago-00,set-00,ott-00,nov-00,dic-00,gen-01,feb-01,mar-01,apr-01,mag-01,giu-01,lug-01,ago-01,set-01,ott-01,nov-01,dic-01,gen-02,feb-02,mar-02,apr-02,mag-02,giu-02,lug-02,ago-02,set-02,ott-02,nov-02,dic-02,gen-03
150050010,1495936,5028883,123.16,ALBAIRATE                          C.na Faustina PRIV.,,2.20,2.60,2.10,1.80,1.40,1.20,1.60,2.00,2.00,2.00,2.00,2.15,2.30,2.25,2.20,1.60,1.30,1.20,1.60,2.00,2.55,2.20,2.00,2.00,2.35,2.75,2.20,1.70,1.60,1.45,1.30,2.00,2.10,2.55,2.70,2.40,2.70,2.80,2.80,2.10,1.40,1.40,1.40,1.70,2.00,2.30,2.45,2.60,2.70,3.00,2.60,2.20,1.40,1.40,1.40,2.00,1.80,1.70,2.00,2.30,2.40,2.10,2.30,2.20,1.40,1.40,1.60,2.00,2.25,2.50,2.65,2.80,2.10,2.70,2.70,1.80,1.80,,1.00,,,,,
150070002,1488407,5043208,153.87,ARCONATE                                       via Turati,24.50,24.40,25.10,25.00,24.60,23.50,22.80,,22.30,23.00,,23.40, -, -, -,,23.30,22.50,21.70,,20.80,22.00,22.90,23.40,23.70,24.10,24.80,25.20,24.60,23.70,22.60,21.50,21.50,22.70,23.50,24.30,,25.50,25.90,25.80,25.80,25.30,,22.80,22.00,22.50,22.90,23.50,24.50,24.90,26.00,26.30,26.20,24.50,23.80,,21.50,22.50,23.00,,22.70,,23.40,24.00,24.40,,23.00,,20.50,21.60,,,24.00,,25.00,,,,,,,,,,
150090004,1504650,5045148,149.23,ARESE                                 C.na Valera II,19.50,18.20,19.20,19.70,19.00,19.50,18.90,18.55,18.20,18.50,18.30,18.70,16.60,16.70,17.70,18.15,17.15,17.00,16.00,15.00,16.10,17.00,17.60,16.90,17.30,17.40,18.10,18.30,19.00,17.70,17.10,15.85,16.60,17.30,17.70,18.10,18.80,19.20,19.50,19.80,19.20,19.20,,17.30,17.70,18.70,18.80,19.30,19.70,20.00,20.30,20.80,20.40,19.60,,17.30,17.60,17.90,17.40,,17.00,17.00,17.00,16.40,16.80,16.50,16.50,16.10,16.40,,17.10,,18.00,17.60,17.90,18.30,18.00,,,,,,,,
150090032,1506861,5042594,152.19,Arese Industrie,,,,,,,,,,,,,,,,,,,,,,,,,,,,,,,,,,,,,18.25,18.70,18.70,18.90,19.10,19.60,,17.20,17.70,18.65,18.65,18.80,19.00,19.20,19.60,20.00,19.80,19.40,,17.60,18.40,18.80,17.70,,16.50,16.90,17.10,16.70,17.20,16.80,16.70,16.30,16.70,,17.20,,17.70,17.20,17.40,17.70,17.70,17.00,,16.40,,,,,
150090035,1505759,5044226,166.00,Arese Platani,,,,,,,,,,,,,,,,,,,,,,,,,,,,,,,,,,,,,20.00,20.20,20.50,20.70,21.00,21.40,,20.30,20.60,20.80,21.20,21.40,21.65,21.80,22.10,22.10,21.80,21.30,,20.30,20.70,21.00,21.00,,20.00,20.00,20.20,19.60,19.20,19.00,18.90,18.50,18.80,,19.10,,19.60,19.00,19.40,19.50,19.10,19.00,,17.60,,,,,
150110002,1509950,5028450,103.25,ASSAGO                             via Roma II - serb.,5.80,5.90,5.85,5.80,5.80,5.70,5.90,5.80,5.70,5.80,5.80,5.80,5.70,5.75,5.80,6.00,5.80,5.50,5.70,5.85,6.00,6.20,5.50,5.30,5.60,5.60,5.70,5.70,5.20,5.20,5.10,5.00,5.30,5.50,6.00,5.60,5.30,5.50,5.90,5.30,5.40,5.10,,5.00,5.10,5.40,5.10,,5.70,5.45,6.00,5.55,5.20,5.00,5.20,,5.20,5.40,5.10,,5.40,5.20,5.60,5.20,5.20,5.00,5.00,4.70,5.00,5.30,,,5.50,5.50,5.50,,5.20,5.20,5.15,4.90,,,,,
150110058,1510350,5028205,107.80,Assago Dalla Chiesa,,,,,,,,,,,,,,,,,,,,,,,,,,,,,,,,,,,,,7.00,6.60,6.80,6.20,6.40,6.20,,5.80,6.20,6.40,6.00,,6.80,6.40,6.70,6.70,6.50,6.50,6.50,,6.50,6.60,6.10,,6.50,6.20,6.20,6.20,6.40,6.15,6.10,6.00,6.00,6.40,,,6.70,7.00,7.10,,,7.00,,6.80,,,,,
150110059,1510350,5028205,107.80,Assago v.Dalla Chiesa piez,,,,,,,,,,,,,,,,,,,,,,,,,,,,,,,,,,,,,,4.50,4.50,4.20,4.20,3.90,,3.70,3.60,3.85,4.00,,4.20,4.30,4.30,4.60,4.30,4.10,4.20,,3.90,4.15,4.00,,4.30,4.20,4.40,4.20,4.20,4.00,4.10,4.00,4.30,4.50,,,4.60,4.60,4.50,,4.00,4.20,,4.00,,,,,
150130002,1510160,5055880,179.91,BARLASSINA                    p.za Cavour,44.00,44.00,43.90,43.80,43.80,44.30,44.00,,44.20,,44.30,44.30,43.30,43.00,43.20,43.20,43.10,43.20,,43.20,43.40,43.80,44.00,44.25,44.50,44.60,45.00,45.20,45.55,45.70,45.60,45.60,45.70,45.60,45.60,45.80,45.80,46.00,46.00,46.40,46.50,46.60,46.88,47.15,47.50,47.80,47.70,47.40,47.70,47.80,48.00,48.00,48.20,48.30,48.40,48.20,48.00,47.90,46.50,45.80,45.00,44.00,42.80,41.70,41.00,40.00,39.70,39.40,39.65,39.70,,,40.20,40.70,40.99,,40.40,41.50,,41.10,,,,,
150140004,1536076,5047733,170.91,Basiano Serbatoio,,,,,,,,,,,,,,,,,,,,,,,,,,,,,,,,,,,,,39.40,40.20,40.50,39.20,37.20,37.00,,38.00,39.50,39.80,40.00,40.40,40.40,40.70,40.00,39.60,39.20,40.60,40.00,,39.30,40.10,40.30,40.60,38.70,38.20,38.00,38.00,37.70,37.90,37.40,37.40,37.60,38.00,,,39.10,38.60,38.80,40.20,39.50,38.90,,39.40,,,,,
150150001,1512870,5021820,96.70,BASIGLIO                                          p.za M.Rossi-Chiesa,3.50,3.55,3.80,3.50,3.65,3.60,3.40,3.30,3.40,3.40,3.45,3.50,3.20,3.35,3.50,3.90,3.70,3.40,3.20,3.40,3.60,3.70,3.60,3.20,3.50,3.60,3.80,3.50,3.20,3.50,3.45,3.40,3.70,3.70,3.80,3.70,4.30,4.00,4.40,3.90,3.70,3.70,,3.50,3.90,3.40,3.50,,3.60,4.00,4.00,,3.60,3.60,,3.00,3.70,4.00,3.60,,3.70,3.80,3.80,3.60,3.30,3.00,2.90,2.90,3.30,3.50,,,3.80,3.50,3.40,3.30,3.80,3.50,,3.00,,,,,
150150005,1512090,5023725,100.00,Basiglio Vivaldi,,,,,,,,,,,,,,,,,,,,,,,,,,,,,,,,,,,,,5.30,5.90,6.40,6.60,6.20,5.70,,5.40,6.00,6.00,6.00,,6.20,6.60,6.80,,6.40,6.00,,5.40,6.10,6.40,6.00,,6.00,6.20,6.20,6.00,5.80,5.70,5.40,5.10,5.70,6.00,,,6.50,6.20,6.30,6.10,6.00,5.90,,5.50,,,,,
150170002,1532607,5051591,181.17,BELLUSCO                         p.za Fumagalli,24.00,23.20,23.00,23.10,23.40,24.00,24.00,24.00,24.25,24.40,23.70,22.95,22.20,23.50,23.40,22.60,22.80,23.30,23.15,23.00,23.50,24.60,24.60,24.80,24.20,23.00,24.65,24.90,25.10,25.00,24.75,24.50,24.20,24.00,23.80,24.00,24.05,24.30,24.60,24.90,25.00,25.30,,25.50,25.30,25.80,25.80,24.80,24.70,24.60,25.00,25.30,25.60,24.80,24.80,,24.80,25.40,24.60,23.70,23.40,22.80,20.60,21.00,21.30,21.60,20.60,,,,,,,,,,,,,,,,,,
180140001,1501810,5011415,94.30,BEREGUARDO                   via Negri,19.40,19.45,,,,,19.20,19.13,19.05,19.39,19.26,,,19.25,19.45,19.70,19.53,19.33,19.12,,19.13,19.34,19.45,,19.38,,19.50,19.65,19.60,19.40,,,19.00,,19.45,,19.40,19.60,,19.75,19.50,,19.23,,19.10,,,19.40,19.70,19.60,19.80,19.50,18.90,19.60,19.30,,19.20,19.20,19.10,,19.50,19.40,19.40,19.40,19.40,19.30,19.10,19.00,19.00,19.10,,,19.40,19.30,19.10,,,19.00,,18.70,,,,,
150180001,1531802,5054950,196.68,BERNAREGGIO                p.za Repubblica,37.15,37.00,37.00,37.00,37.15,37.40,37.50,37.75,38.00,38.50,38.00,38.00,36.00,36.08,36.15,35.90,36.20,36.40,37.20,38.00,38.20,38.80,39.00,39.60,39.30,39.00,39.40,39.60,39.30,39.00,38.90,38.80,39.00,38.80,38.30,38.30,38.50,38.60,39.20,39.70,39.70,40.00,,40.60,40.80,41.00,41.30,39.90,40.00,39.20,39.60,39.90,40.00,39.60,39.50,,39.55,39.80,39.20,38.00,35.60,34.70,34.70,34.40,34.10,34.00,34.20,34.50,34.50,35.10,,,36.00,39.60,40.20,,,,,,,,,,
150190001,1486570,5037860,139.53,BERNATE TICINO           v.Pellico-Casate,11.10,11.10,11.80,12.00,10.80,9.70,8.90,8.55,8.20,9.30,,10.50,,11.30,11.80,12.00,10.50,9.25,,7.40,7.70,8.40,10.00,10.80,11.00,11.40,12.00,12.20,11.30,10.40,9.10,7.80,8.10,8.70,9.60,11.30,12.00,12.30,12.70,13.20,12.90,11.10,,7.80,8.00,8.70,10.00,11.10,11.60,12.00,12.60,13.00,13.00,11.20,,8.40,8.20,9.10,9.40,,10.30,10.80,11.20,11.30,11.60,11.20,10.00,8.70,8.00,,9.00,,12.10,12.60,12.70,12.70,12.30,11.00,,8.60,,,,,
980020002,1552858,5009264,46.44,BERTONICO                        via Garibaldi,10.10,9.95,10.15,10.33,10.30,10.27,10.27,10.00,10.08,,10.10,,,9.95,10.00,10.30,10.37,10.15,10.10,,10.10,,10.28,,,10.20,10.25,10.50,10.45,10.40,,,10.30,,,10.37,10.50,,10.70,10.70,,10.45,10.30,,10.25,,10.00,,10.40,10.60,10.60,,10.40,10.30,,10.20,10.00,10.00,,10.30,10.10,10.20,10.20,10.30,10.10,10.00,10.00,,10.20,,,,10.30,10.50,10.70,,,,,9.80,,,,,
150240004,1507371,5020189,99.98,Binasco Binaschino,,,,,,,,,,,,,,,,,,,,,,,,,,,,,,,,,,,,,3.70,3.90,4.00,3.70,3.40,3.00,,2.70,3.20,3.40,3.40,,3.70,3.90,4.20,,3.50,3.10,,3.00,3.60,3.80,3.40,,3.50,3.80,3.60,3.30,3.30,3.00,2.60,2.50,2.90,3.10,,,3.50,3.40,3.60,3.60,3.30,3.00,,2.20,,,,,
150270003,1510995,5045425,134.04,BOLLATE                                         C.na Nuova-Caracciolo,27.40,27.40,27.20,27.20,27.00,27.30,27.10,26.65,26.20,26.20,26.20,26.10,25.80,25.60,25.60,25.80,25.80,25.70,25.35,25.00,24.90,25.20,25.50,25.80,25.70,25.90,26.00,26.00,26.25,26.00,25.70,25.25,25.25,25.30,25.50,25.80,26.10,26.30,26.70,27.00,27.00,26.80,,26.80,27.00,26.80,26.90,27.10,27.30,27.70,27.80,28.00,28.20,28.00,27.70,27.35,27.00,27.20,27.00,26.20,26.00,25.80,25.70,25.30,25.10,24.90,25.00,24.60,24.80,25.00,25.20,25.10,25.00,25.10,25.30,25.60,25.60,25.20,,24.00,,,,,
150270001,1509260,5043610,130.18,BOLLATE                                         via A.da Bollate-serb.,21.70,22.40,22.20,22.50,22.80,23.00,22.40,21.90,21.40,21.60,21.30,21.00,20.40,20.50,20.50,20.80,21.20,21.00,19.90,18.80,20.00,20.10,20.40,21.00,20.70,21.00,21.40,21.30,21.80,21.30,20.70,19.40,19.80,20.20,20.40,,21.20,21.20,21.70,22.10,22.30,22.20,,21.00,21.40,22.00,22.40,22.20,22.50,22.80,23.10,23.10,23.20,23.00,23.00,,22.20,22.40,22.00,21.10,20.70,20.40,20.40,20.20,20.50,20.30,20.30,20.00,20.30,,20.60,,21.30,21.50,21.60,21.70,21.30,21.00,,20.20,,,,,
980040007,1539108,5004665,53.00,BORGHETTO LOD.            Casoni 3,7.40,7.40,7.68,8.20,,8.18,8.00,7.88,7.82,,7.42,7.48,7.25,,7.37,7.80,8.15,7.80,8.50,,8.80,7.75,7.95,,7.80,,7.90,8.12,8.20,8.07,,,7.55,,7.98,,8.15,8.40,,8.58,,9.00,9.35,,8.50,,,,8.50,8.90,8.80,,8.70,9.00,,8.60,8.70,8.30,,8.40,8.60,8.70,8.90,9.00,9.20,9.30,9.50,,9.60,,,9.30,9.50,9.80,10.00,,9.20,9.40,,8.80,,,,,
150320001,1515240,5041885,115.86,BRESSO                              via Don Vercesi,25.10,25.20,25.00,25.00,25.00,25.20,25.00,24.65,24.30,24.20,24.00,24.00,23.10,22.80,22.70,23.00,23.10,23.20,23.00,22.80,22.50,22.60,22.70,22.85,22.80,22.80,23.00,23.10,23.50,23.60,23.50,23.40,23.30,23.15,23.20,23.20,23.50,23.60,23.80,23.90,24.50,24.90,,25.40,25.50,25.10,25.00,24.80,24.80,25.10,25.30,25.70,25.80,26.00,26.00,25.80,25.60,25.60,25.50,25.10,23.80,23.30,23.10,22.80,22.50,22.40,22.60,22.30,22.50,22.80,23.10,23.05,,23.00,23.00,23.20,23.20,23.00,,22.70,,,,,
150340123,1523293,5042878,139.00,Brugherio FEM V. Volano,16.60,16.50,17.80,17.80,17.70,17.00,16.40,15.30,14.70,15.40,15.15,15.18,15.20,15.20,15.70,16.10,16.50,16.00,14.60,13.70,13.00,13.50,14.20,14.90,15.00,15.40,15.90,16.40,17.00,17.00,16.00,15.00,14.10,14.70,15.00,16.00,16.30,16.80,17.30,17.80,18.50,17.60,,16.00,15.70,16.20,16.20,16.50,17.10,17.60,18.10,18.50,19.20,19.20,17.50,,16.30,16.00,16.00,16.50,15.50,15.50,15.80,15.80,16.00,15.40,15.00,15.00,16.60,17.00,17.30,17.45,17.60,18.00,18.40,17.30,17.00,16.40,,15.00,,,,,
150340005,1524850,5044860,128.39,Brugherio v.S.Francesco,19.40,19.60,19.70,20.20,20.20,19.20,18.00,17.40,17.70,18.00,19.10,18.90,18.70,18.20,18.80,19.30,19.10,17.40,16.80,16.60,16.20,17.40,18.70,19.00,18.20,18.20,18.80,19.00,20.40,19.60,18.25,16.90,16.30,18.20,19.00,19.70,20.20,20.70,21.10,21.60,20.70,19.60,,17.60,17.80,19.00,19.50,20.00,20.70,21.40,22.00,22.40,22.20,20.00,18.90,,17.20,17.00,18.40,18.70,19.00,19.00,19.20,19.20,19.00,18.60,18.30,18.00,17.50,17.90,18.40,18.65,18.90,19.30,19.50,21.00,20.40,19.80,,17.90,,,,,
150350003,1501102,5019562,104.19,Bubbiano v. Noè,,,,,,,,,,,,,,,,,,,,,,,,,,,,,,,,,,,,,6.20,6.40,6.70,6.30,6.00,5.50,,5.20,5.40,5.50,5.90,,6.20,6.50,6.70,,5.90,5.20,,4.80,5.60,5.70,5.50,,5.70,6.10,6.10,5.80,5.70,5.30,5.00,4.70,5.00,5.40,,,6.00,5.60,5.80,6.20,5.70,5.60,,5.00,,,,,
150360006,1507897,5028482,106.76,Buccinasco Rovido,,,,,,,,,,,,,,,,,,,,,,,,,,,,,,,,,,,,,4.50,4.50,4.80,4.30,4.45,4.30,,4.00,4.30,4.70,4.30,,4.60,4.60,5.00,4.60,4.40,4.10,4.50,,4.40,4.70,4.70,,4.70,4.80,4.80,5.00,4.80,4.80,4.60,4.30,4.50,4.60,,,4.90,4.60,4.60,,4.30,4.00,,3.90,,,,,
150360002,1508477,5029887,107.39,Buccinasco v. Lario,,,,,,,,,,,,,,,,,,,,,,,,,,,,,,,,,,,,,5.00,5.40,6.30,6.10,6.10,6.10,,5.90,6.00,6.20,6.00,,6.10,6.30,6.50,6.50,6.20,6.00,6.30,,6.00,6.40,6.00,,6.20,6.20,6.40,6.30,6.10,6.00,5.90,5.50,5.70,6.00,,,6.40,6.80,6.70,,6.20,6.40,6.35,6.00,,,,,
150420002,1501581,5019920,104.25,Calvignasco Municipio,,,,,,,,,,,,,,,,,,,,,,,,,,,,,,,,,,,,,5.40,5.60,5.90,5.00,5.00,4.50,,4.10,4.60,4.60,5.00,,5.30,5.70,5.80,,5.00,4.40,,4.20,4.80,5.00,4.90,,5.00,5.20,5.40,5.00,5.00,4.90,4.60,4.50,4.80,5.30,,,5.70,5.30,5.40,5.80,5.20,5.00,,4.40,,,,,
980070001,1556980,5006056,47.85,CAMAIRAGO                        via 4 Novembre,10.97,10.95,10.99,11.11,11.23,11.15,11.15,10.92,11.00,,11.77,,,10.55,10.62,10.95,11.05,10.95,10.90,,10.70,,10.83,,,11.10,11.10,11.23,11.20,11.10,,,10.80,,,11.00,11.15,,11.32,11.38,,11.35,11.15,,11.00,,11.10,,11.20,11.35,11.50,,11.50,11.60,,11.00,11.00,10.80,,11.10,11.00,11.30,11.20,11.20,11.20,11.00,11.00,,10.80,,,,11.40,11.40,11.50,,,,,10.30,,,,,
150480015,1517795,5058469,212.95,CARATE BR.                      Villa-via all'Isola,3.70,2.80,3.00,3.20,3.40,3.40,3.60,3.55,3.50,3.70,3.20,3.00,2.95,3.20,3.15,3.40,3.50,3.70,3.50,3.00,3.30,3.50,3.50,3.60,3.00,3.20,3.50,3.60,3.30,3.20,3.25,3.10,3.30,3.40,3.10,3.30,3.40,3.55,3.70,3.30,3.30,3.40,,3.40,3.40,3.30,3.00,2.80,3.10,3.30,3.40,3.40,3.20,2.70,3.30,,3.20,3.30,2.20,2.00,2.40,2.60,2.70,2.40,2.70,2.90,3.00,3.30,3.40,3.50,,,3.70,3.70,3.00,,,,,3.00,,,,,
150490001,1529550,5055100,191.03,CARNATE                           via Pace - serb.,39.50,38.40,38.00,38.10,38.80,39.30,39.00,39.60,40.20,40.60,39.70,39.20,37.15,36.78,36.40,37.00,37.55,38.20,38.90,39.60,40.00,40.70,41.80,41.80,41.40,41.00,41.10,41.40,41.80,41.80,41.50,41.20,41.70,41.40,40.50,40.70,40.80,41.40,42.00,42.15,42.50,42.80,43.05,43.30,43.50,43.50,43.70,41.60,41.45,41.30,41.70,42.50,42.10,41.60,41.40,41.80,42.20,42.30,41.55,37.80,36.70,35.50,35.00,34.30,34.00,34.20,34.60,34.70,35.00,35.40,35.80,36.00,36.20,40.10,37.70,,37.30,,,39.00,,,,,
150490021,1529290,5054175,215.23,Carnate Grandi nuovo,,,,,,,,,,,,,,,,,,,,,,,,,,,,,,,,,,,,,42.70,43.60,43.90,44.10,44.00,44.60,,45.00,44.00,44.70,44.90,44.20,44.20,44.80,45.30,44.80,45.00,44.60,45.30,,45.40,45.70,45.60,44.90,44.60,44.00,43.60,43.40,43.00,43.15,44.00,44.40,44.40,44.50,,,45.20,44.70,45.00,,44.30,,,45.50,,,,,
150490019,1529290,5054175,215.23,Carnate Grandi x Usmate,,,,,,,,,,,,,,,,,,,,,,,,,,,,,,,,,,,,,26.05,23.30,26.90,27.20,27.40,27.90,,28.00,28.50,28.70,28.70,27.10,26.80,26.80,27.40,27.50,27.50,26.80,26.80,,27.20,27.60,26.60,23.80,22.80,21.30,21.00,20.20,20.00,20.00,20.70,20.70,20.90,21.10,,,21.70,25.30,25.50,,24.70,,,24.80,,,,,
150500002,1521237,5020702,92.16,Carpiano delle Arti,,,,,,,,,,,,,,,,,,,,,,,,,,,,,,,,,,,,,7.00,7.30,,8.05,,8.45,7.20,,6.55,,,6.90,6.90,7.10,7.40,,7.00,7.60,7.15,,7.80,8.00,7.00,7.40,7.30,7.00,7.20,7.60,7.10,7.10,7.00,7.00,7.30,7.40,,,7.90,7.40,7.10,7.50,7.50,7.20,,7.20,,,,,
150510004,1527899,5044408,124.90,Carugate C.na Valera                       ,24.70,24.20,23.40,24.70,25.00,24.30,23.50,22.80,22.40,23.00,23.50,,23.80,22.90,,24.50,24.70,23.60,22.70,22.20,22.00,22.10,23.20,22.70,24.00,24.30,24.50,25.00,25.10,25.00,23.75,22.50,21.80,22.80,23.70,24.00,25.00,25.40,25.90,26.30,25.90,25.40,,23.00,22.60,23.30,23.80,24.30,25.00,25.30,25.90,26.40,26.80,26.10,24.40,,22.50,23.00,23.80,23.40,23.80,23.90,24.10,23.60,23.60,23.40,23.00,22.40,21.00,21.60,,,22.20,,25.00,25.00,24.20,23.30,,22.10,,,,,
980100003,1550786,5003618,54.95,CASALPUSTERLENGO via Cadorna,7.20,7.10,7.35,7.31,,7.53,7.38,7.35,7.27,,7.65,7.30,,7.13,7.40,7.78,7.90,7.82,7.65,,7.75,8.00,8.15,,8.35,,8.45,8.55,8.70,8.70,,,7.95,,8.40,,8.50,8.55,,9.00,,9.00,8.80,,8.60,,8.00,,8.50,9.00,8.80,,9.00,9.00,,9.40,9.10,9.00,,9.20,9.60,9.30,9.40,9.40,9.50,9.70,9.70,,9.80,,,9.60,9.80,9.80,9.60,,9.10,,,9.00,,,,,
980110001,1562239,4994652,45.34,CASELLE LANDI                 via Roma I,3.82,3.55,3.95,4.08,,4.03,4.15,4.18,4.22,,4.13,3.70,,3.60,3.85,4.23,4.35,4.05,4.00,,4.25,,4.38,,,4.25,4.40,4.55,4.38,4.15,,,4.40,,,4.48,4.35,4.55,,4.50,,4.38,4.27,,4.30,,,,4.40,4.60,4.80,,4.50,4.30,,4.30,4.20,3.60,,4.00,3.80,4.10,4.30,4.10,4.00,4.00,4.00,,4.20,,,4.00,4.40,4.20,4.20,,,,,4.10,,,,,
150590001,1540400,5041280,112.69,CASSANO ADDA            Muzza I-5 Martiri,5.20,4.90,5.10,5.40,5.00,4.30,3.40,3.15,4.00,4.50,4.90,,4.80,,5.30,5.40,5.40,4.70,2.30,2.50,3.70,4.40,4.80,5.00,5.00,5.20,5.50,5.30,4.90,4.40,3.80,3.60,4.00,3.70,4.60,4.60,5.20,5.30,5.40,5.40,4.20,3.90,,3.90,4.20,4.40,4.60,5.00,5.20,5.50,5.50,5.30,4.40,4.10,3.90,,4.30,3.30,3.20,3.80,4.60,4.80,4.80,4.70,4.20,4.00,3.50,3.30,3.40,4.50,,,3.00,5.40,5.00,5.60,4.20,4.20,,3.90,,,,,
150610001,1493070,5030100,122.00,CASSINETTA  LUG                        via Pace-serb.,3.90,4.10,4.60,4.20,3.70,2.70,2.40,2.85,3.30,4.00,3.90,3.80,3.98,4.15,3.83,3.50,2.80,2.40,2.20,2.95,3.70,4.10,3.80,3.80,3.50,3.80,4.60,3.80,3.00,2.70,2.60,2.50,3.00,3.50,3.90,4.20,4.00,4.30,4.70,4.60,3.20,2.70,,,2.80,3.30,3.80,,4.20,4.60,4.70,,3.30,2.80,,2.50,2.90,3.60,3.00,,3.50,3.80,4.10,4.30,3.60,2.80,2.70,2.40,2.50,,3.10,,3.70,3.40,3.80,4.00,3.00,2.80,,2.70,,,,,
980130001,1568202,4995450,36.10,CASTELNUOVO B.A.              via Cairoli serb.,11.20,10.50,10.85,11.16,10.78,10.65,10.65,10.47,10.78,,10.95,,,10.60,10.95,11.35,11.47,11.05,10.97,,11.35,,11.52,,,11.80,11.90,12.05,11.55,10.90,,,11.60,,,11.68,11.70,,11.77,11.90,,11.35,11.47,,11.45,,11.00,,11.60,11.60,11.80,,11.40,11.30,,11.30,11.20,9.70,,10.20,10.60,11.00,10.60,10.80,10.60,10.50,10.70,,10.70,,,,12.00,11.90,12.20,,,,,11.00,,,,,
980150003,1530789,5012188,67.95,CASTIRAGA VID.                C.na Pollarana,8.82,9.36,9.07,9.70,9.85,9.60,9.52,9.45,9.03,8.86,9.35,9.20,9.28,,9.20,9.00,9.37,8.95,8.90,,8.85,8.93,9.05,,9.05,,9.40,9.75,9.45,9.33,,,9.10,,8.98,,9.20,9.00,,9.28,,9.50,9.00,,8.30,,8.60,,9.20,9.00,9.00,,8.90,8.90,,7.60,7.80,7.80,,8.00,7.80,7.90,8.00,8.20,8.20,8.00,7.60,,7.80,,,7.60,7.70,7.80,8.00,,8.70,8.50,,7.80,,,,,
980170003,1547241,5014694,70.73,CAVENAGO ADDA             v.Valsecchi serb.,12.98,12.52,12.85,13.05,,12.95,12.95,12.48,12.65,,12.63,,,12.68,12.72,13.10,13.10,12.65,12.45,,12.72,,12.95,,,12.90,13.15,13.20,12.95,12.60,,,12.90,,,12.95,13.15,,13.42,13.05,,,12.55,,12.25,,,,13.00,13.10,13.10,,12.80,12.70,,12.60,12.40,12.00,,12.15,12.50,12.60,12.70,13.10,12.60,12.40,12.80,,13.00,,,13.00,13.40,13.50,13.80,,,,,12.60,,,,,
980170064,1544810,5014760,73.00,CAVENAGO ADDA            Soltarico,,13.23,13.43,,,13.34,13.34,13.10,12.98,,13.05,,,13.10,13.20,13.35,13.27,12.50,12.92,,13.05,,12.95,,,13.30,13.48,13.32,13.10,13.00,,,12.95,,,13.13,13.25,,,13.35,,,13.12,,13.10,,12.90,,13.30,,,,,13.10,,13.00,12.90,12.20,,12.30,12.80,13.00,12.70,13.00,12.60,12.50,12.80,,13.00,,,,asciutto,asciutto,asciutto,,,,,,,,,,
150680002,1532390,5048020,142.43,CAVENAGO BR.              p.za Libertà - serb.,28.20,28.00,28.30,28.00,28.00,27.80,29.00,29.00,29.30,29.10,29.00,,28.00,27.80,27.40,27.00,27.40,27.90,,28.40,28.60,28.80,29.00,29.40,29.60,29.60,29.70,29.90,30.25,30.70,30.65,30.60,31.00,30.30,30.20,30.00,30.10,30.70,31.00,31.10,31.30,31.80,,31.80,32.20,32.10,32.10,31.50,31.30,31.20,31.60,31.80,32.20,32.20,31.80,,31.50,31.80,31.50,30.00,29.60,28.00,28.40,27.00,26.80,26.80,26.80,26.70,27.00,27.60,,,28.30,29.10,30.20,,,,,,,,,,
150700004,1526360,5041939,119.57,Cernusco v. Verdi,14.40,13.80,14.30,15.15,15.50,15.10,13.80,12.40,11.00,12.00,12.30,12.70,14.00,13.90,14.30,15.00,15.10,14.10,12.60,11.30,10.00,10.20,12.15,12.60,13.50,13.80,14.30,15.00,15.50,15.20,14.00,12.50,11.10,12.00,13.40,14.20,15.10,15.60,16.00,16.70,16.40,15.80,14.50,13.20,12.10,12.40,13.50,14.00,15.00,15.40,16.30,16.60,17.00,16.70,15.00,13.50,12.00,12.30,12.30,12.00,14.00,14.00,14.50,14.70,15.00,14.40,13.20,12.00,10.40,11.20,11.55,11.73,11.90,13.00,14.70,15.10,15.00,14.40,,12.00,,,,,
980180001,1533303,5024632,81.68,CERVIGNANO A.                p.za Caduti,5.61,5.43,5.52,6.00,6.00,,5.00,5.12,5.38,5.08,5.17,,,5.30,5.50,5.75,5.55,5.00,4.90,,4.75,,5.20,,5.47,,5.50,5.75,5.85,5.42,,,5.00,,,5.50,5.70,,5.95,6.12,,5.20,4.75,,4.97,,5.20,,5.40,5.70,5.95,,6.00,5.90,,4.70,4.90,4.90,,5.50,5.70,5.70,5.80,5.80,5.80,5.50,4.80,,5.10,,,,5.50,5.70,5.70,,,,,5.00,,,,,
150740007,1507180,5032490,120.48,Cesano B. v.Picozzi,,,,,,,,,,,,,,,,,,,,,,,,,,,,,,,,,,,,,9.40,9.70,9.70,10.00,9.80,9.40,,9.10,9.70,10.20,10.50,,10.50,10.80,11.20,,10.50,10.80,,10.00,10.40,10.80,10.00,,10.40,10.80,11.20,10.80,10.60,10.00,9.70,9.40,9.80,,10.20,,10.00,9.30,9.70,10.00,10.50,10.30,,9.40,,,,,
150760001,1505534,5048445,159.88,CESATE                               Vill.INA,,,,,,,,,28.30,28.40,28.40,28.30,28.05,27.80,28.00,28.00,27.90,28.00,27.50,27.00,27.60,28.00,28.00,28.30,28.00,28.30,28.60,28.60,28.90,29.00,29.10,28.40,28.40,28.70,29.00,29.10,29.20,29.30,29.60,30.00,29.80,29.65,29.83,30.00,30.00,30.20,30.20,30.40,30.70,31.00,31.40,31.60,31.40,31.70,31.40,,31.00,31.00,31.20,30.00,29.50,29.00,28.60,28.00,27.60,27.40,27.30,27.00,27.20,,,,,,,,,,,,,,,,
150760010,1505534,5048445,161.53,CESATE                               Vill.INA p spia,,,,,,,,,,,,,,,,,26.60,26.50,26.30,26.10,26.20,26.70,26.80,26.90,26.70,27.00,27.20,27.10,27.45,27.50,27.50,27.10,27.00,27.20,27.25,27.60,27.70,27.80,28.10,28.25,28.20,28.00,28.25,28.50,28.50,28.80,28.90,29.00,29.10,29.20,29.50,29.70,29.40,29.90,29.60,,29.10,29.10,29.20,28.20,27.70,27.20,26.80,26.30,25.70,25.30,25.30,25.00,25.40,,,,,,,,,,,,,,,,
150760003,1506301,5049212,160.20,CESATE                              v.Caravaggio-serb,33.85,34.40,34.20,34.40,34.20,34.30,34.40,34.10,33.95,33.80,33.80,33.70,33.48,33.25,33.20,33.10,33.00,33.20,33.10,33.00,33.30,33.00,33.15,33.10,33.10,33.30,34.00,33.70,33.80,34.00,33.95,33.80,33.80,33.80,34.20,34.45,34.30,34.50,34.50,35.00,34.80,34.60,34.90,35.20,35.40,35.70,35.80,36.00,36.30,36.00,36.40,36.60,36.20,36.70,36.70,,36.20,36.10,36.30,35.40,34.40,34.00,33.30,33.00,32.70,31.90,31.90,,32.20,,,,,,,,,,,,,,,,
150770004,1517130,5043632,120.10,CINISELLO BALS.             via Canzio I,26.00,25.60,25.20,25.20,25.20,25.50,25.30,24.95,24.60,24.50,24.50,24.20,23.80,23.60,23.40,23.55,23.70,23.80,23.80,23.00,23.00,23.00,23.00,23.30,23.40,23.30,23.50,23.70,24.20,24.30,24.25,24.00,24.00,24.00,23.80,24.00,24.15,24.40,25.00,25.30,25.40,25.50,25.75,26.00,25.80,25.80,25.50,25.60,25.50,25.70,26.20,26.60,26.50,27.00,26.80,,26.00,26.80,25.60,24.80,24.00,23.80,23.60,23.40,23.20,23.00,23.00,22.70,23.00,23.30,23.70,23.90,24.10,23.20,23.60,,,,,,,,,,
150770018,1517120,5045500,125.75,CINISELLO BALS.             via Paisiello,31.50,31.30,30.70,30.90,31.15,30.80,30.70,30.30,30.50,30.60,30.50,30.25,30.00,29.60,29.40,28.50,29.80,29.70,29.60,29.00,28.80,29.00,29.20,29.50,29.50,29.50,29.70,29.80,30.20,30.30,30.00,29.80,29.50,29.60,29.60,29.90,30.10,30.40,,31.30,31.40,31.40,31.45,31.50,31.30,31.30,31.30,31.30,31.40,31.60,31.80,32.10,32.00,32.20,32.00,,31.40,31.40,31.30,30.50,30.00,29.20,29.50,29.20,29.00,29.00,28.80,28.30,28.50,28.60,28.95,29.13,29.30,29.80,30.00,,,,,,,,,,
150770073,1517875,5045125,128.85,CINISELLO BALS.             via Petrella,32.60,32.75,32.40,32.50,32.55,32.00,32.00,31.80,31.90,31.90,32.00,31.63,31.25,31.00,30.95,31.00,31.00,31.00,30.70,30.50,30.40,30.55,30.80,31.00,31.00,31.00,31.15,31.40,31.70,31.80,31.50,31.20,31.00,31.00,31.20,31.50,31.80,32.00,32.45,32.85,33.00,33.10,33.05,33.00,32.90,32.90,33.00,33.00,33.00,33.30,33.60,34.00,33.70,33.90,33.70,,33.00,33.00,33.00,32.20,31.70,31.30,31.20,30.90,30.50,30.20,29.90,29.40,29.70,29.90,30.10,30.20,30.30,30.60,30.80,31.00,31.20,30.90,,30.00,,,,,
150770022,1519400,5044677,150.00,Cinisello v. Galilei,,,,,,,,,,,,,,,,,,,,,,,,,,,,,,,,,,,,,26.10,26.90,27.30,27.50,27.90,28.60,28.60,28.60,28.80,29.10,28.70,29.00,29.00,29.00,29.40,29.70,29.50,30.00,30.30,29.65,29.00,28.65,28.20,27.50,26.80,27.20,27.00,26.60,25.50,27.00,26.50,26.00,26.40,26.50,26.85,27.03,27.20,26.00,27.00,27.40,27.50,27.40,,26.70,,,,,
150770023,1519400,5044677,150.00,Cinisello v. Galilei,,,,,,,,,,,,,,,,,,,,,,,,,,,,,,,,,,,,,26.70,26.50,27.20,27.60,28.00,28.40,,26.70,27.70,27.90,27.50,27.60,27.80,27.80,28.20,28.50,28.20,29.00,29.40,,27.20,27.20,26.85,25.40,25.70,24.80,25.40,24.60,24.30,25.00,24.60,24.30,24.40,24.40,,,25.00,23.80,24.60,25.00,26.20,26.00,,25.60,,,,,
150770006,1518408,5044351,150.04,Cinisello v.Matteotti,,,,,,,,,,,,,,,,,,,,,,,,,,,,,,,,,,,,,26.70,26.70,26.70,27.10,27.40,27.60,27.65,27.70,27.50,28.00,27.60,27.70,28.20,26.70,27.30,28.20,27.90,28.20,29.00,28.50,28.00,27.80,27.30,26.60,26.20,25.90,25.60,25.20,25.00,25.00,24.80,24.40,25.00,25.20,25.60,25.80,26.00,25.60,25.80,25.80,26.60,27.00,,26.30,,,,,
150780002,1499356,5032255,124.78,CISLIANO                             v.Vitt.Veneto-serb.,3.70,3.70,3.90,3.60,3.40,3.15,3.00,3.20,3.40,3.30,,3.40,3.20, -,3.90,3.80,3.10,3.00,3.00,,3.40,3.80,3.60,3.00,3.50,3.70,3.90,3.70,3.20,3.10,3.05,3.00,3.50,3.50,3.80,4.00,3.70,3.85,4.10,3.80,3.60,3.20,3.00,2.80,3.20,3.50,3.40,4.50,5.60,3.80,4.00,3.80,3.40,3.15,2.90,3.10,3.30,3.60,3.00,3.15,3.30,3.60,3.30,3.70,3.50,3.30,3.00,2.80,2.90,3.10,3.25,3.33,3.40,3.50,3.50,,3.30,3.20,3.25,3.00,,,,,
150810004,1521480,5042960,119.53,Cologno v.Levi-Lombardia,17.00,17.00,17.10,17.25,17.60,17.70,17.00,16.70,15.80,15.90,15.80,16.10,15.80,15.80,16.00,16.30,16.80,16.70,16.20,15.30,14.40,14.50,15.00,15.40,15.45,15.80,16.30,16.70,17.00,17.00,16.80,16.00,15.55,15.55,15.50,16.00,16.60,17.20,17.70,19.00,18.50,18.80,,18.00,17.20,17.00,17.00,17.00,17.10,17.30,17.60,18.20,18.90,19.00,18.90,,17.70,17.50,15.80,14.60,14.80,14.70,15.50,16.00,16.20,15.00,15.00,,14.30,15.20,,,15.50,16.20,17.00,,,,,,,,,,
150810069,1522264,5042813,138.53,Cologno v.Paganini,,,,,,,,,,,,,,,,,,,,,,,,,,,,,,,,,,,,,16.70,17.40,18.00,18.50,18.50,18.90,,18.00,17.10,16.90,16.80,16.90,17.30,17.50,18.20,19.00,19.50,19.50,19.00,,17.50,17.30,17.10,15.90,15.90,16.00,16.20,16.40,16.50,16.40,16.00,16.60,14.50,15.30,15.50,15.60,15.70,16.50,17.30,17.80,17.60,17.10,,15.80,,,,,
980200001,1536534,5032132,93.02,COMAZZO p.za Caduti,5.40,5.30,5.10,5.80,5.60,5.90,5.00,4.50,4.50,4.90,4.90,,5.20, -,5.80,6.15,5.80,5.40,4.40,4.40,4.70,5.00,5.15,5.40,5.30,5.50,5.70,5.60,5.60,5.10,5.00,4.80,5.00,5.20,5.20,5.30,5.30,5.50,5.70,6.10,5.80,5.50,,4.70,5.00,5.15,5.40,5.50,5.80,6.00,6.20,6.20,5.80,5.30,4.90,,5.00,5.10,5.00,5.30,5.60,5.80,5.60,5.60,5.80,5.70,5.20,4.90,5.00,5.30,5.60,5.75,5.90,5.70,5.80,6.10,5.50,5.30,,4.70,,,,,
150840002,1525400,5046340,137.97,CONCOREZZO               S.P.13 Malcantone,22.50,22.80,22.50,22.80,23.00,23.50,23.50,23.50,23.20,23.20,23.00,22.63,22.25,21.80,22.00,22.20,22.70,23.00,23.00,22.85,22.70,23.00,23.10,23.20,23.00,23.00,23.20,23.50,23.80,23.80,23.55,23.30,23.00,23.20,23.00,23.00,23.20,23.20,23.70,24.00,24.10,24.30,,24.20,24.00,24.00,24.30,23.40,23.20,23.60,24.00,24.00,24.20,24.20,24.00,,23.70,23.80,23.60,22.20,22.00,21.70,21.60,21.70,21.50,21.40,21.40,21.20,21.40,21.70,,,22.20,23.00,23.20,,,,,,,,,,
150840024,1526728,5049528,,Concorezzo v.Pascoli,,,,,,,,,,,,,,,,,,,,,,,,,,,,,,,,,,,,,36.00,36.40,38.00,38.60,39.00,39.80,,40.00,39.60,40.20,40.60,39.80,37.00,37.70,40.20,38.40,38.60,39.00,39.60,,40.50,41.00,41.30,40.10,39.30,38.80,38.40,38.00,37.70,37.50,38.00,38.30,38.60,39.00,,,39.60,40.20,40.50,,,,,,,,,,
150850004,1494180,5034180,132.09,CORBETTA                       v.Veneto x Batuello,4.00,4.00,4.30,4.30,3.90,3.40,3.00,3.20,3.40,3.60,3.75,3.90,3.95,4.00,4.20,4.40,3.60,3.20,2.90,3.10,3.30,3.30,3.40,3.40,3.50,3.80,4.20,4.00,3.60,3.00,2.80,2.60,3.10,3.40,4.00,4.30,4.30,4.60,4.80,4.90,4.40,3.90,,2.80,3.00,3.40,3.70,,4.40,4.60,4.90,,4.30,3.80,,3.10,3.30,3.40,3.00,,3.40,3.90,3.90,4.10,3.70,3.70,3.50,3.50,3.60,,3.80,,4.20,3.90,4.30,4.40,3.90,3.70,,3.40,,,,,
150850002,1493533,5035152,139.86,Corbetta v.Oberdan,,,,,,,,,,,,,,,,,,,,,,,,,,,,,,,,,,,,,5.45,5.70,5.90,6.20,6.10,5.20,,4.00,3.50,4.00,4.30,5.00,5.20,5.70,6.10,6.30,6.00,5.40,4.80,,3.70,4.10,4.00,,4.50,4.80,4.90,5.20,5.00,4.80,4.50,4.00,4.20,4.50,4.70,4.80,4.90,5.20,5.30,,5.25,5.00,5.10,3.90,,,,,
150860002,1512580,5043085,121.54,CORMANO                         via Somalia,27.80,27.80,27.40,27.40,27.20,27.40,27.10,26.85,26.60,26.60,26.30,26.00,25.60,25.50,25.40,25.20,25.60,25.30,24.90,24.50,24.60,24.90,25.00,25.30,25.20,25.50,26.00,26.00,26.20,25.90,26.00,25.30,25.25,25.40,25.70,25.40,25.60,25.80,26.00,26.20,27.00,27.20,27.10,27.00,27.30,27.00,27.20,27.40,27.60,27.60,27.80,28.00,28.50,28.50,28.30,27.85,27.40,27.50,27.60,26.80,26.00,25.70,25.50,25.30,25.00,25.00,25.30,25.00,25.50,25.60,25.70,25.85,26.00,26.10,26.30,26.30,26.20,26.00,,25.70,,,,,
150870001,1501530,5037775,136.84,CORNAREDO                   Campo Sportivo I,6.30,5.50,6.00,6.20,5.85,5.20,4.60,4.45,4.30,4.80,,5.20,5.10,5.30,5.90,6.10,5.30,4.90,4.20,4.20,4.20,5.00,5.60,5.60,5.20,5.60,6.00,6.10,5.50,5.00,4.50,4.20,4.60,5.15,5.80,6.30,6.60,7.00,7.00,7.40,7.00,6.00,5.30,4.60,4.50,5.60,5.70,6.00,6.10,6.50,6.90,7.00,6.40,5.70,5.05,4.40,4.60,5.00,4.70,,5.00,5.20,5.30,5.40,5.60,5.10,4.70,4.40,4.80,5.00,5.20,5.60,6.00,5.50,5.80,5.80,5.50,5.00,,4.50,,,,,
150870003,1501081,5036901,134.57,Cornaredo v.Marconi,,,,,,,,,,,,,,,,,,,,,,,,,,,,,,,,,,,,,5.30,5.60,5.80,5.70,5.50,4.80,,3.60,3.50,4.30,4.60,4.90,5.00,5.00,5.20,5.40,5.10,4.80,4.00,,3.60,4.10,4.00,,4.60,4.20,4.20,4.60,4.50,4.40,4.00,3.50,3.60,4.10,,,4.50,4.80,5.10,,4.15,4.00,4.10,,,,,,
980230001,1562792,5056473,40.29,CORNOVECCHIO               Municipio,13.30,13.20,13.30,13.55,13.37,13.25,13.25,13.00,13.22,,13.25,,,13.00,13.15,14.00,14.35,13.90,14.05,,14.05,,14.20,,,13.80,14.00,14.05,14.00,13.95,,,13.20,,,13.30,13.50,,13.80,13.75,,13.55,13.48,,13.30,,13.10,,13.30,13.40,13.50,,13.40,13.30,,13.20,13.00,13.10,,13.10,13.10,,13.10,13.10,13.00,12.90,12.80,,13.00,,,,13.40,13.40,13.70,,,,,12.70,,,,,
150920001,1523496,5056835,214.84,CORREZZANA                  via S.Francesco,,37.20,37.70,39.00,39.80,40.10,40.10,40.30,40.50,40.85,40.90,40.40,37.30,37.90,38.50,39.30,40.00,40.60,40.40,40.20,40.80,41.10,41.20,41.00,39.20,39.55,40.30,40.50,40.50,40.40,39.98,39.55,40.20,39.60,39.00,39.30,40.00,40.20,40.70,40.90,40.70,41.00,,41.40,41.40,40.70,39.40,38.80,39.50,40.10,40.40,40.60,40.40,39.00,40.00,,40.85,41.10,37.80,36.00,36.40,36.40,37.20,36.80,37.45,38.00,38.00,38.40,38.70,39.00,,,40.20,41.10,41.50,,,,,,,,,,
150920003,1523723,5056321,247.15,Correzzana v.Fermi,,,,,,,,,,,,,,,,,,,,,,,,,,,,,,,,,,,,,73.50,74.00,74.00,74.20,74.20,74.50,,74.90,74.20,74.20,73.80,73.20,73.10,73.40,73.70,73.70,73.60,74.00,74.60,,74.90,75.90,75.00,73.90,73.70,72.30,72.70,73.00,72.00,72.40,72.10,72.50,72.50,72.70,,,73.60,74.30,74.80,,,,,,,,,,
150960014,1485070,5040190,147.96,CUGGIONO                       via Somma-Zucchi,14.40,14.70,15.15,14.80,13.00,12.00,10.40,10.70,11.00,12.60,,13.80,,14.75,15.10,15.20,12.30,11.20,,9.60,10.20,12.30,13.40,14.20,14.50,15.00,15.30,15.80,13.60,11.60,,,10.70,12.70,13.80,14.70,15.40,15.80,16.00,16.60,15.25,13.20,,10.20,10.00,11.40,13.30,14.30,14.80,15.50,16.00,,16.20,13.80,,10.10,10.60,12.40,12.80,,13.40,13.80,14.20,14.70,14.40,13.40,11.30,,10.00,,11.40,,15.00,15.70,15.70,16.00,16.00,13.40,,,,,,,
150970003,1502660,5033450,127.10,Cusago v.Cervi fino a 5/99 p.1,,,,,,,,,,,,,,,,,,,,,,,,,,,,,,,,,,,,,5.10,5.20,5.30,4.90,5.10,5.70,,5.20,5.70,5.80,5.70,,6.00,6.00,6.40,6.50,6.10,6.10,5.70,,5.80,6.00,5.40,,5.60,5.70,5.80,6.00,5.80,5.80,5.60,5.30,5.70,5.90,,,6.20,6.40,6.50,,6.10,6.00,,5.20,,,,,
150980004,1513764,5043930,159.29,Cusano p.Italia,,,,,,,,,,,,,,,,,,,,,,,,,,,,,,,,,,,,,23.00,23.40,23.50,24.00,24.00,24.30,,24.10,24.10,24.30,24.30,24.60,24.80,24.90,24.90,25.40,25.00,25.60,25.40,,24.90,24.80,24.40,24.20,23.70,23.40,23.40,23.00,22.80,22.70,23.10,23.00,22.50,22.70,,,21.40,21.60,21.80,,,,,,,,,,
150980028,1514126,5044416,152.11,Cusano v.Pedretti,,,,,,,,,,,,,,,,,,,,,,,,,,,,,,,,,,,,,26.50,27.00,27.00,27.30,27.40,27.60,,28.00,28.00,27.80,27.80,28.20,28.00,28.20,28.50,28.90,28.60,29.00,28.70,,28.00,28.20,28.40,28.00,26.80,26.60,26.50,25.80,25.40,25.40,25.70,25.30,24.90,25.10,,,25.40,25.70,26.10,,,,,,,,,,
151000003,1516295,5051936,146.19,DESIO                                   via Torricelli,50.10,50.65,51.20,51.10,51.50,51.60,51.70,51.40,52.00,52.00,52.15,51.68,51.20,50.35,49.50,49.70,49.70,49.90,50.15,50.28,50.40,50.50,50.75,51.00,51.40,52.00,52.10,51.80,52.10,52.20,52.35,52.10,52.40,51.80,50.70,51.10,51.40,51.60,51.60,51.70,52.30,52.70,,53.40,53.70,53.10,53.00,52.60,52.30,53.00,53.40,53.20,52.70,53.30,53.00,,52.50,52.20,52.20,50.50,49.50,48.30,47.40,46.30,45.50,45.70,46.40,47.00,47.60,,48.30,,47.00,47.20,47.70,48.10,47.90,47.50,,47.50,,,,,
980260002,1554292,4998880,42.26,FOMBIO                                  via Giovanni XXIII,11.43,11.35,11.47,11.79,,11.80,11.52,11.60,11.50,,11.47,11.26,,11.15,11.25,11.50,11.71,11.58,11.27,,11.43,11.58,11.75,,10.95,,11.00,11.10,11.15,11.15,,,11.60,,11.83,,11.90,12.10,,12.25,,12.05,11.95,,11.85,,11.70,,12.00,12.10,12.20,,12.00,11.90,,11.90,11.65,11.20,,11.50,11.50,11.70,11.90,11.90,12.00,12.20,12.50,,12.80,,,12.40,12.90,12.80,12.80,,,,,11.30,,,,,
151050002,1505950,5046890,153.19,GARBAGNATE                 v.Varese I-scuole,,24.60,25.20,25.20,25.00,25.00,24.40,24.20,24.00,24.30,24.40,24.30,23.40,21.80,22.10,23.60,23.30,23.30,22.85,22.40,22.70,23.40,23.70,23.30,23.40,23.70,24.00,24.30,24.80,24.20,23.50,23.20,23.70,23.50,23.50,24.40,23.50,24.30,24.60,25.10,25.00,25.30,,25.10,24.90,24.90,25.20,25.60,25.80,26.20,26.30,26.70,26.70,26.45,25.60,,24.80,25.10,25.50,24.50,24.10,23.90,24.00,23.40,22.80,22.40,22.30,22.00,22.00,21.80,,,22.30,22.70,23.00,,,,,,,,,,
180700001,1527575,5002880,72.50,GENZONE                           via Cairoli,6.70,6.80,7.21,6.88,6.72,6.55,6.07,6.25,6.42,6.60,6.57,6.55,6.54,6.53,6.85,7.27,7.00,6.45,5.90,5.95,6.00,6.52,6.78,6.79,6.80,6.93,7.05,7.35,7.20,6.95,6.40,6.13,5.85,6.33,6.80,6.95,7.10,7.20,,7.40,,,6.30,,6.50,,,,7.10,7.30,7.45,,7.00,6.70,,6.00,6.20,6.80,,6.70,6.90,7.00,7.20,7.30,6.90,7.00,6.70,,6.80,,,,7.10,7.40,,,,,,,,,,,
151060008,1534449,5044895,128.30,GESSATE                         p.za Aturia,18.40,18.10,18.60,19.00,19.30,18.10,16.20,14.50,14.10,15.00,17.00,17.35,17.70,18.00,18.30,19.10,19.00,17.20,15.20,14.00,13.60,14.30,16.20,17.30,17.70,18.20,18.70,19.30,19.60,18.30,16.30,15.40,14.20,16.10,17.20,18.00,18.90,19.50,19.80,20.50,20.60,18.20,,15.00,15.00,16.40,17.40,18.50,19.10,19.70,20.20,20.80,21.00,19.00,16.60,,14.80,16.30,17.10,18.00,17.40,17.40,17.65,18.00,17.90,17.00,,,15.40,16.30,,,18.60,18.90,19.50,19.80,20.00,19.00,,15.20,,,,,
180720001,1511200,5014410,91.20,GIUSSAGO  (PV)                       v.25 aprile-scuola,3.20,3.60,3.50,3.40,3.80,3.50,3.60,3.40,3.20,3.40,3.80,4.20,4.10,4.05,4.00,3.80,3.40,2.80,2.90,3.25,3.60,3.90,3.35,3.30,3.40,3.70,4.00,3.45,3.10,3.00,2.95,2.90,3.30,3.50,3.80,3.80,3.80,3.80,4.30,3.70,3.70,3.20,,3.00,3.20,3.70,3.40,,3.80,4.00,4.30,4.00,3.40,3.30,3.20,,3.40,3.70,3.10,,3.30,3.50,3.70,3.60,3.50,3.30,3.10,,,3.60,,,4.10,3.80,3.90,,3.45,3.60,3.50,3.25,,,,,
151080002,1532076,5042266,121.42,Gorgonzola v. Manzoni,13.20,12.80,14.40,14.90,15.30,12.30,10.00,8.40,8.15,9.80,11.80,12.40,13.10,13.15,14.00,15.00,14.80,11.20,8.50,7.70,6.90,8.00,11.00,12.10,12.90,13.30,14.20,15.00,15.15,12.30,10.20,8.10,7.20,10.20,12.10,13.20,14.20,14.80,15.40,16.60,16.40,13.10,,8.30,8.40,9.80,11.00,12.70,13.80,14.30,15.60,16.50,16.80,15.10,11.00,,8.20,9.80,11.55,12.00,12.60,13.00,13.70,14.20,14.40,13.50,10.00,,8.30,9.30,,,11.00,12.30,15.00,,,,,,,,,,
980280001,1535471,5006700,64.27,GRAFFIGNANA                     via Milano - serb.,5.43,5.40,5.50,5.70,5.67,5.60,5.45,5.42,5.30,5.20,5.34,5.26,5.38,,5.30,5.40,5.60,5.35,5.20,,5.20,5.25,5.32,,5.60,,5.50,5.80,5.75,5.63,,,5.25,,5.50,,5.40,5.65,,5.90,,5.90,5.75,,5.35,,5.50,,5.50,5.80,5.70,,5.70,5.70,,5.20,5.20,5.20,,5.30,5.20,5.20,5.60,5.50,5.80,5.80,5.30,,5.60,,,5.70,5.70,5.70,6.00,,6.20,6.00,,5.50,,,,,
151100001,1538450,5048995,138.31,GREZZAGO                        via Roma-serb.,36.50,36.00,35.40,35.50,35.50,35.60,37.00,39.00,39.00,39.50,39.30,38.78,38.25,36.00,36.30,36.30,35.70,36.20,36.60,36.85,37.10,38.30,38.60,38.80,40.80,39.80,41.00,41.00,41.20,41.20,40.60,40.00,39.95,40.30,40.40,40.00,40.00,40.00,40.40,40.10,41.00,42.00,,41.60,40.40,41.00,40.00,39.80,40.00,39.90,40.00,40.30,40.30,40.00,40.50,,40.00,39.80,39.70,39.40,39.20,35.50,34.90,35.00,35.00,35.00,34.40,33.90,34.10,34.50,,,36.20,36.80,38.38,,,,,,,,,,
151120002,1499888,5024427,110.35,Gudo v.Montegrappa,,,,,,,,,,,,,,,,,,,,,,,,,,,,,,,,,,,,,3.00,3.20,3.40,3.10,2.60,2.30,,2.00,2.40,2.50,2.70,,3.10,3.30,3.30,,2.70,2.40,,2.30,2.60,3.00,2.80,,3.00,3.40,3.10,3.00,3.00,2.70,2.40,2.20,2.50,3.00,,,3.40,3.00,3.20,3.00,2.40,2.50,,2.30,,,,,
151150001,1510746,5019039,92.74,Lacchiarella v.Trento,,,,,,,,,,,,,,,,,,,,,,,,,,,,,,,,,,,,,4.10,3.90,4.10,4.10,4.00,3.70,,3.50,3.80,4.00,3.70,,4.00,4.30,4.50,4.30,4.00,3.60,3.40,,4.10,4.20,3.60,,3.70,4.10,4.10,4.10,3.90,3.80,3.60,3.10,3.30,3.50,,,4.00,4.20,4.30,,3.70,3.80,3.80,3.50,,,,,
151160009,1502320,5047210,180.00,Lainate Caronasca,,,,,,,,,,,,,,,,,,,,,,,,,,,,,,,,,,,,,21.00,21.20,21.40,21.80,21.80,21.60,,20.80,21.00,21.30,21.40,21.80,22.10,22.20,22.40,22.80,22.50,22.00,,20.60,20.80,21.00,19.60,,18.70,18.70,19.10,18.00,18.20,18.00,18.00,17.70,18.00,,18.40,,18.10,17.90,18.20,18.70,18.20,16.90,,16.60,,,,,
151160008,1502330,5047200,180.00,Lainate Caronasca,,,,,,,,,,,,,,,,,,,,,,,,,,,,,,,,,,,,,19.50,19.80,19.90,20.20,20.20,20.40,,20.00,20.30,20.50,20.50,20.70,20.80,21.10,21.30,21.60,21.40,20.70,,20.50,20.80,21.00,20.00,,18.70,18.50,19.00,17.70,18.00,18.00,18.50,18.00,18.10,,18.40,,18.00,17.80,18.10,18.60,18.20,17.10,,16.60,,,,,
180780001,1520470,5017665,85.50,LANDRIANO                         p.za Marconi,5.49,5.30,5.67,,,5.90,5.73,5.72,5.70,5.65,5.60,,,5.60,5.85,6.20,6.13,5.92,5.70,,5.47,5.83,5.80,,5.55,,5.65,5.95,5.85,5.68,,,5.50,,5.80,,6.10,6.15,,6.43,,6.45,6.25,,5.57,,5.90,,6.00,6.10,6.35,,6.10,6.20,6.00,,6.00,6.30,6.10,6.20,5.80,5.70,5.80,6.10,5.70,5.70,5.40,5.40,5.70,5.90,,,6.60,6.30,6.00,6.50,6.40,6.30,,6.10,,,,,
151170003,1506590,5058730,188.90,LAZZATE                              v.S.Lorenzo-serb.,73.30,74.40,74.20,74.10,73.30,73.30,73.60,73.65,73.70,73.80,74.00,73.80,72.95,72.10,72.00,72.00,71.60,72.00,72.50,73.00,73.15,73.20,73.80,74.00,74.30,74.60,74.70,75.10,75.55,75.80,75.70,75.40,75.40,75.10,75.10,75.10,75.40,75.30,75.50,75.80,75.80,76.10,,76.70,77.00,77.20,77.20,77.00,77.00,76.80,76.60,77.00,77.00,77.20,77.00,,76.50,76.20,76.40,73.00,70.50,70.10,68.70,68.00,67.70,67.40,68.00,67.70,68.80,69.50,,,71.00,71.50,71.40,,,,,,,,,,
151170001,1506710,5057630,185.21,LAZZATE                            Chiesa,67.30,67.60,67.40,67.30,67.30,67.55,67.70,67.85,68.00,68.00,68.10,67.80,,66.60,66.40,66.00,66.00,66.00,,66.60,66.80,67.30,67.70,68.00,68.30,68.60,68.80,69.00,69.40,69.70,69.70,69.70,69.45,69.35,69.20,69.20,69.25,69.40,69.60,70.00,70.10,70.30,,71.00,71.20,71.45,71.50,71.30,71.00,71.40,71.40,71.60,71.60,71.70,71.70,,71.20,71.00,71.30,68.40,66.40,66.00,63.00,62.40,62.00,61.30,61.70,,62.30,63.10,,,64.00,64.60,64.60,,,,,,,,,,
151190001,1509520,5058340,192.31,LENTATE s\S                    via S.Vito-Chiesa,51.60,51.10,51.10,51.30,51.40,51.70,51.60,51.70,51.80,51.85,51.90,51.50,50.90,51.40,50.30,50.10,50.30,50.50,50.75,51.00,51.80,51.40,51.90,52.10,52.20,52.50,52.70,52.90,53.10,53.30,52.90,52.70,52.70,52.80,52.60,52.75,52.80,52.80,52.90,53.30,53.40,53.80,54.00,54.20,54.40,54.50,54.20,53.90,53.90,53.95,53.90,54.40,54.40,54.40,54.40,54.15,53.90,54.10,54.30,51.30,50.60,49.50,48.60,47.70,47.00,47.00,46.80,46.40,46.70,46.80,47.05,47.18,47.30,49.00,49.40,,49.10,49.00,,48.40,,,,,
151250001,1517340,5022650,89.62,Locate T. p.Gramsci,7.30,6.70,6.40,6.70,6.80,6.90,7.00,6.40,6.40,6.60,6.60,6.90,4.60,6.00,6.20,6.50,6.60,6.90,6.70,6.40,6.30,6.70,6.60,6.60,6.40,6.30,6.50,6.80,6.60,6.50,6.50,6.10,6.20,6.60,6.60,6.70,6.80,6.80,6.90,7.00,7.00,7.00,,6.50,6.20,6.50,6.30,6.70,6.80,7.00,7.15,,6.50,6.80,6.60,,6.30,6.70,6.20,6.60,6.40,6.50,6.70,6.60,6.40,6.40,6.30,6.00,6.00,6.40,,,6.60,6.60,6.50,6.80,6.40,6.20,,6.00,,,,,
151250004,1517730,5022245,94.70,Locate T. v.Nenni,,,,,,,,,,,,,,,,,,,,,,,,,,,,,,,,,,,,,8.00,8.10,8.25,8.50,8.20,8.20,,7.80,7.50,7.80,7.50,7.80,8.00,8.20,8.45,,7.80,8.10,8.10,,8.00,8.30,7.80,8.00,7.70,8.00,8.20,8.20,8.00,8.00,7.80,7.70,7.70,8.10,,,8.50,8.70,8.70,9.10,8.20,8.00,,7.80,,,,,
980320002,1532570,5016525,74.23,LODIVECCHIO                      via Cabrini-serb.,4.78,4.31,4.60,5.00,4.85,,4.63,4.55,4.80,4.65,4.58,4.47,4.38,,4.65,5.25,5.10,4.98,4.80,,4.90,5.20,4.95,,4.90,,5.30,5.57,5.80,5.65,,,4.60,,4.80,,5.00,5.55,,5.75,,5.90,5.05,,4.58,,4.80,,5.00,5.00,5.15,,5.00,5.30,,5.00,5.00,4.80,,4.80,4.50,4.50,4.70,4.80,5.00,5.00,4.70,,4.80,,,4.70,4.80,5.00,5.40,,5.70,5.80,,5.20,,,,,
980330001,1567299,4999597,38.85,MACCASTORNA                 via Roma,2.80,2.71,3.11,3.35,3.15,3.32,3.32,2.88,3.03,,2.98,,,2.65,3.05,3.40,3.50,3.10,3.00,,3.25,,3.40,,,3.50,3.65,3.72,3.50,3.30,,,3.40,,,3.48,3.60,,3.87,3.85,,3.55,3.80,,3.60,,3.50,,3.45,3.90,3.90,,3.80,3.30,,3.50,3.50,2.20,,2.70,2.70,2.80,2.70,2.90,2.80,2.80,2.70,,2.70,,,,4.00,4.10,4.40,,,,,3.30,,,,,
151300021,1489910,5035170,134.21,MAGENTA                                        via Piemonte-Nova C.,4.80,4.80,5.40,5.70,4.80,4.00,2.80,2.90,3.00,3.40,,4.00,,4.40, -,5.20,4.30,3.40,3.00,,2.80,3.50,4.00,4.30,4.50,4.70,4.90,5.00,5.30,,1.20,2.40,3.20,3.70,4.40,5.10,5.60,5.80,6.20,6.40,6.40,5.20,,3.00,3.00,4.00,4.20,,5.40,6.20,6.20,,6.20,5.20,,3.00,2.90,3.20,3.20,,4.10,4.50,4.75,5.00,5.20,4.50,4.10,3.00,3.00,,3.40,,5.40,5.60,6.00,,5.60,5.00,,2.70,,,,,
980350002,1560100,5001920,44.76,MALEO                                   p.za 25 Aprile,13.02,12.95,13.08,13.26,13.33,13.28,13.28,13.12,13.10,,12.90,,,12.55,12.60,12.90,13.00,12.95,13.00,,12.90,,13.00,,,12.90,12.85,12.97,13.15,13.12,,,12.73,,,12.80,12.90,,12.90,13.05,,12.95,13.00,,13.00,,13.00,,,13.20,13.30,,13.60,13.40,,13.10,13.00,13.00,,13.15,12.80,12.90,13.00,13.00,13.00,13.00,13.20,,12.70,,,,13.10,13.20,13.40,,,,,13.10,,,,,
151340001,1490207,5037106,139.53,MARCALLO con C.            via dell'Acquedotto,8.10,8.30,8.90,9.20,8.60,7.40,6.00,5.70,5.40,6.30,,7.40,,8.20,8.70,9.20,7.90,6.80,,5.00,5.00,5.50,6.80,7.70,7.70,8.30,8.80,9.30,8.90,7.70,6.50,5.30,5.60,6.50,7.60,8.50,9.10,9.60,9.70,10.40,10.00,8.70,,6.00,5.40,6.30,7.20,8.20,8.80,9.50,10.00,,10.00,8.80,,5.90,5.70,6.10,6.30,,7.40,7.80,8.25,8.60,8.80,8.80,8.00,6.40,5.70,,6.20,,9.00,9.30,9.50,9.80,9.40,8.40,,5.90,,,,,
151340046,1490290,5037075,138.34,MARCALLO con C.           via Clerici       4/5/6,7.15,7.30,7.85,8.35,7.85,6.55,6.10,5.25,4.40,5.35,,6.30,,7.15,7.60,8.00,6.85,6.10,,3.95,3.95,4.70,5.50,6.55,6.65,7.20,7.70,8.25,7.80,6.65,5.53,4.40,4.55,5.50,6.10,6.60,8.15,8.50,8.85,9.50,9.10,7.70,,4.85,4.40,5.10,5.60,6.40,7.90,8.40,9.00,,9.10,7.85,,5.00,4.60,5.05,6.25,,6.25,6.75,7.20,7.55,7.75,7.45,6.00,5.10,4.70,,5.00,,8.10,8.50,8.60,8.80,7.40,7.50,,5.00,,,,,
151340004,1490290,5037075,137.44,MARCALLO con C.           via Clerici       4/5/6,7.85,7.55,8.25,8.55,8.75,6.80,6.25,5.50,4.75,5.70,,6.60,,7.50,8.10,8.60,7.15,6.65,,4.40,4.40,5.50,6.30,7.00,7.00,7.55,8.05,8.55,8.00,7.00,5.85,4.70,4.90,5.80,6.50,6.90,9.05,9.45,9.70,10.25,9.70,8.60,,6.30,5.70,6.40,6.90,7.60,8.60,9.40,9.80,,9.90,8.80,,6.15,5.75,6.35,6.50,,7.35,7.65,9.00,8.40,9.00,9.60,8.20,7.00,6.20,,6.70,,8.90,9.30,9.30,9.70,8.15,10.00,,7.15,,,,,
,1537385,5045310,150.00,Masate v.Bergamasca,,,,,,,,,,,,,,,,,,,,,,,,,,,,,,,,,,,,,24.35,24.10,23.90,23.80,24.05,23.70,,24.50,24.80,25.10,25.20,25.00,25.25,26.00,26.00,25.70,25.70,25.35,24.70,,24.20,25.00,23.85,24.50,24.80,24.30,23.60,23.30,23.60,23.30,23.00,23.00,23.30,24.00,,,24.70,24.80,24.60,24.90,25.10,,,,,,,,
151360003,1526600,5028740,92.04,MEDIGLIA v.Stephenson,3.80,3.80,3.60,4.10,4.40,3.90,3.60,3.10,3.00,3.60,3.80,3.70,3.30,3.40,3.50,4.30,4.20,4.40,3.90,3.30,3.20,3.80,4.00,4.10,3.60,3.90,4.20,4.40,4.20,4.00,3.90,3.40,3.40,3.60,3.80,4.20,3.60,3.70,4.20,4.60,4.30,4.30,,3.70,3.40,3.60,3.70,3.80,3.80,4.20,4.40,,4.10,4.00,3.70,,3.50,3.70,3.30,3.50,3.70,3.70,3.90,3.80,3.50,3.50,3.10,3.00,3.30,3.30,,,3.80,3.70,3.50,3.80,4.10,3.70,,3.20,,,,,
151390001,1534749,5052944,177.99,MEZZAGO                           via Unione,40.00,40.30,39.50,39.60,39.90,40.70,41.10,41.10,41.40,42.10,41.70,40.65,39.60,38.60,38.10,38.30,38.90,39.30,40.00,40.20,40.40,41.20,41.60,42.00,42.20,42.10,42.30,42.10,42.60,43.00,42.70,42.40,42.10,41.40,42.50,42.60,41.00,41.00,41.40,41.90,42.00,42.40,,42.40,43.00,43.60,43.60,44.00,43.70,43.50,42.60,43.00,42.80,42.60,42.30,,43.00,44.30,44.20,41.80,41.00,39.30,38.00,37.00,38.00,37.00,38.70,38.00,38.30,38.70,,,39.40,39.70,43.00,,,,,,,,,,
151450001,1518330,5029870,105.00,Milano AMSA via Dionigi,5.80,5.60,5.10,5.15,5.65,5.80,5.70,5.50,5.20,5.30,5.40,5.55,5.10,,5.00,5.20,5.35,5.60,5.30,5.00,4.90,5.10,5.20,5.10,5.00,5.10,5.10,5.20,5.20,5.00,5.15,4.70,4.80,5.00,5.00,5.20,5.50,5.50,5.60,5.70,5.70,5.85,,5.50,5.00,5.20,5.30,5.40,5.15,5.45,5.60,,5.75,5.80,5.60,,6.20,6.40,6.00,6.00,5.90,6.10,6.20,6.20,6.00,6.00,5.70,5.40,5.50,5.60,,,6.00,6.00,5.70,6.00,6.30,6.10,,5.00,,,,,
151460000,1518330,5029870,105.00,Milano AMSA via Dionigi,5.80,5.60,5.00,5.15,5.60,5.80,5.60,5.40,5.20,5.30,5.45,5.55,5.10,,5.10,5.30,5.40,5.60,5.30,5.00,4.90,5.10,5.20,5.20,5.10,5.10,5.10,5.20,5.20,5.00,5.15,4.70,4.80,5.00,5.00,5.20,5.60,5.50,5.60,5.80,5.70,5.90,,5.50,5.10,5.20,5.30,5.40,5.20,5.55,5.65,,5.75,5.85,5.60,,6.30,6.40,6.00,6.00,6.00,6.10,6.20,6.30,6.00,6.00,5.70,5.40,5.50,5.65,,,6.10,6.00,5.70,5.90,6.30,6.00,,5.00,,,,,
151460000,1535650,5001980,71.50,MIRADOLO TERME         via Baratti,10.01,9.87,9.85,9.90,,9.78,9.88,9.84,9.80,9.96,9.80,,9.72,,9.45,9.55,9.50,9.60,9.70,,9.67,9.55,9.60,,9.88,,9.83,9.90,9.90,10.20,,,10.70,,10.35,,10.30,10.60,,11.00,11.15,,11.35,,10.80,,11.15,,11.20,11.20,11.20,,11.40,11.40,,11.20,11.30,11.20,,11.20,11.10,11.00,11.20,10.80,10.70,10.80,10.30,,10.30,,10.40,10.60,11.00,11.90,,,11.70,11.50,,11.10,,,,,
180930002,1535877,5019968,71.24,MONTANASO L.                   Comune,10.00,9.86,9.96,10.50,10.40,,10.22,10.05,10.17,10.22,9.99,,,10.05,10.12,10.65,10.70,10.25,10.23,,10.00,,10.25,,,10.30,10.18,10.43,10.73,10.70,,,10.37,,,10.40,10.30,,10.55,10.85,,10.60,10.25,,10.00,,10.00,,10.35,10.35,10.55,,10.60,10.40,,10.00,10.30,10.00,,10.00,10.10,10.00,10.00,10.10,10.30,10.00,9.80,,10.10,,,,10.40,11.00,11.00,,,,,9.70,,,,,
980400001,1522947,5051402,166.86,MONZA                                 Parco-Golf Club,7.50,7.20,7.70,,8.10,8.30,8.30,8.20,8.10,8.40,7.60,7.90,6.80,6.90,7.30,7.70,8.00,8.60,8.30,8.00,8.20,8.50,8.70,8.70,8.10,8.20,8.40,8.50,9.00,8.30,8.35,8.20,8.00,8.30,8.40,8.60,8.70,8.90,8.90,9.40,9.40,9.00,,9.70,9.70,9.40,9.50,9.70,10.00,9.40,9.60,10.00,10.20,9.70,9.00,,9.00,9.30,7.60,7.20,7.30,7.50,7.00,6.80,6.30,6.50,6.80,7.10,7.30,,,,7.70,8.20,8.50,,,,,,,,,,
151490142,1521145,5046503,130.47,MONZA Garbagnati         via Val d'Ossola  ,21.70,21.50,21.50,21.70,21.80,21.70,21.00,20.60,20.20,20.60,20.70,20.20,20.20, -,21.00,20.50,20.60,20.20,,19.50,19.10,19.40,,20.00,20.15,20.40,21.00,21.30,21.60,21.00,20.50,20.00,19.80,20.00,20.40,20.80,21.50,21.80,22.20,22.60,22.70,22.50,,22.80,22.00,21.80,21.90,22.00,22.20,22.80,23.10,23.60,23.80,23.50,22.90,,21.80,22.20,21.60,20.50,20.60,20.40,20.60,20.30,19.90,19.70,19.20,,18.70,19.10,,,20.20,21.00,21.00,,,,,,,,,,
151500013,1497395,5018890,106.50,MORIMONDO                    C.na Fallavecchia,12.50,12.40,,12.50,12.20,11.60,11.60,11.70,11.80,12.10,,12.30,11.90,,12.60,12.40,12.00,11.30,11.30,,12.00,12.30,12.40,12.15,12.30,12.45,12.80,12.60,11.80,11.60,11.45,11.30,11.70,12.10,12.40,12.70,12.50,12.70,13.00,12.60,12.60,11.90,,11.70,12.10,12.10,12.40,,12.60,12.80,13.10,13.00,12.70,12.40,11.70,,12.00,12.20,12.00,,12.30,12.40,12.50,12.40,12.00,11.90,11.50,11.00,11.20,11.40,,,12.00,12.40,12.70,,12.05,11.20,11.15,11.50,,,,,
151520030,1517175,5045310,135.46,MUGGIO' pozzo                 Impianto Pilota,38.00,38.00,38.00,38.00,37.80,37.50,37.50,37.40,37.30,37.45,37.60,37.50,37.00,36.60,36.40,36.70,36.10,35.60,35.70,35.50,36.00,36.40,37.00,36.70,36.90,37.00,37.20,37.35,37.30,37.00,36.65,36.30,36.40,36.80,37.10,37.50,37.90,38.10,38.25,38.40,38.00,37.60,,37.00,37.80,38.00,38.80,39.00,39.30,39.60,39.80,40.00,39.20,38.60,38.00,,38.40,39.00,39.40,38.10,37.70,37.30,36.90,36.40,35.20,35.50,33.40,33.00,33.70,,34.30,,35.60,35.80,36.20,36.60,36.00,35.50,,34.70,,,,,
980410001,1531414,5024506,84.74,MULAZZANO                     via Lago Maggiore,4.68,4.36,4.70,5.15,5.00,,3.80,3.55,,4.10,4.20,,,4.37,4.55,5.00,4.95,4.33,3.88,,3.65,4.05,4.37,,4.55,,4.80,5.10,5.15,4.65,3.90,3.87,3.83,,4.68,,5.00,,5.30,5.50,5.25,4.68,3.65,,3.90,,4.30,,4.90,5.00,5.30,,5.00,3.80,,3.70,3.85,3.60,,5.50,4.60,4.80,4.90,4.90,4.80,4.60,3.90,,4.10,,,,4.50,4.80,5.00,,,,,3.80,,,,,
151540003,1498550,5044810,154.60,NERVIANO                           via Chinotto-serb.II,20.00,19.30,19.50,20.00,20.10,19.80,19.20,18.60,18.00,18.80,18.70,18.50,18.45,18.40,18.80,19.10,19.00,18.80,18.45,18.10,17.30,18.00,18.80,19.00,19.15,19.50,19.90,20.20,20.30,20.00,19.50,18.70,18.30,18.80,19.40,19.90,20.60,21.00,21.50,21.70,21.80,21.40,,20.00,19.50,19.80,20.20,20.70,21.00,21.20,21.60,22.00,22.00,21.40,20.40,,19.20,19.60,20.10,18.00,17.80,18.00,18.40,18.00,17.40,17.50,17.50,17.80,18.00,18.50,,,19.00,18.80,18.80,,,,,,,,,,
151540064,,,,Nerviano Cantone 64,,,,,,,,,,,,,,,,,,,,,,,,,,,,,,,,,,,,,,17.00,17.40,17.70,17.90,17.15,,15.55,15.05,15.30,15.80,16.10,16.60,16.85,17.30,17.50,17.80,17.30,16.20,,14.80,15.10,15.30,14.25,14.30,14.50,15.00,,15.00,15.00,14.20,14.40,13.05,13.90,,,15.40,15.80,16.20,,15.60,15.00,,13.70,,,,,
151540065,1498320,5043055, ,Nerviano Cantone 65,,,,,,,,,,,,,,,,,,,,,,,,,,,,,,,,,,,,,,12.70,13.15,13.60,13.80,13.10,,12.30,11.90,11.90,12.10,12.30,12.80,13.15,13.60,13.90,14.10,13.90,13.00,,11.70,12.20,12.50,10.70,10.30,10.60,,,10.90,11.00,10.50,10.60,9.30,10.00,,,11.00,11.50,11.80,,11.70,11.00,,10.00,,,,,
151540066,,,,Nerviano Cantone piez,,,,,,,,,,,,,,,,,,,,,,,,,,,,,,,,,,,,,15.45,15.90,16.40,16.80,16.85,16.00,,13.80,13.00,13.50,14.30,14.60,14.70,14.90,15.30,15.70,16.00,15.80,14.50,,12.80,13.10,13.30,12.40,12.70,13.10,,,13.40,13.40,12.50,12.30,11.20,12.20,,,14.00,14.45,15.00,,14.40,13.60,,11.70,,,,,
151540007,1497539,5044446,174.58,Nerviano Pasubio sopra,,,,,,,,,,,,,,,,,,,,,,,,,,,,,,,,,,,,,19.40,19.85,20.50,20.60,20.70,20.00,,18.30,17.85,18.50,18.95,19.40,19.80,19.95,20.30,20.60,20.85,19.85,18.90,,17.70,18.10,18.55,16.70,16.60,16.90,16.75,16.50,16.90,17.05,16.30,16.50,16.60,17.00,,,17.30,18.00,18.30,,17.50,16.90,,15.60,,,,,
151540007,1497539,5044446,174.58,Nerviano Pasubio sotto,,,,,,,,,,,,,,,,,,,,,,,,,,,,,,,,,,,,,18.75,19.00,19.40,19.80,19.90,19.30,,18.15,17.85,18.00,18.35,18.60,19.00,19.35,19.85,20.00,20.30,19.80,18.85,,17.70,17.95,18.30,16.55,16.50,16.55,16.60,16.70,16.80,16.80,16.00,16.00,16.30,16.00,,,16.70,17.30,17.60,,17.10,16.60,,15.40,,,,,
151560024,1514995,5048680,138.04,NOVA MILANESE              via Grandi,38.20,38.40,38.80,38.60,38.90,38.65,38.45,38.30,38.20,38.40,38.70,38.13,37.55,37.05,37.15,37.30,37.00,36.55,36.48,36.40,36.70,37.20,37.00,37.35,37.45,37.50,37.65,37.95,38.00,37.80,37.40,37.15,37.30,37.60,37.90,38.30,38.35,38.70,38.80,39.00,38.65,38.40,,38.80,39.30,39.30,39.80,39.60,39.90,40.10,40.30,40.40,39.90,39.40,39.00,,39.00,39.40,39.70,38.60,38.30,38.00,37.60,37.40,36.40,36.80,37.15,37.00,37.50,,38.10,,36.40,36.70,37.00,37.40,37.10,36.50,,35.50,,,,,
151570002,1510867,5042285,121.60,NOVATE MIL.                     via Manzoni-serb.II,25.20,24.85,24.20,24.70,24.85,25.10,24.70,24.30,23.90,24.20,23.70,23.60,23.00,24.70,23.00,22.90,22.70,22.50,,,21.70,22.00,22.30,22.50,22.30,22.40,22.60,23.00,23.40,23.00,21.90,22.00,22.20,22.30,22.40,22.40,23.00,23.25,23.60,24.00,24.10,24.30,,24.00,24.15,24.30,23.00,24.50,24.60,24.30,24.60,24.80,24.60,25.10,24.00,,24.60,24.50,24.00,23.60,22.40,22.40,22.20,22.00,21.50,22.10,22.30,22.00,22.00,22.20,,,23.30,22.70,22.50,,,,,,,,,,
151590004,1516913,5027004,93.62,Opera Mirasole,,,,,,,,,,,,,,,,,,,,,,,,,,,,,,,,,,,,,7.20,6.20,7.00,7.60,7.60,8.10,,7.00,7.00,7.30,7.00,7.00,7.00,7.40,7.60,7.75,7.20,7.60,7.80,,7.10,8.00,7.60,7.20,7.10,7.40,7.80,7.60,7.80,8.00,8.00,7.70,7.30,7.60,,,7.80,8.20,8.70,,8.00,7.60,7.85,7.30,,,,,
980420003,1543820,5000952,51.50,ORIO LITTA                          via Pio Rossi,11.75,11.85,11.72,11.92,,11.74,11.70,11.78,11.75,,11.40,11.62,,11.32,11.60,11.45,11.68,11.47,11.55,,11.45,11.40,11.53,,11.70,,11.92,11.97,11.80,11.95,,,11.60,,11.60,,11.80,12.10,,12.37,,12.50,11.90,,11.35,,11.50,,11.70,11.80,12.00,,12.30,11.70,,11.70,11.50,11.70,,12.00,12.20,12.00,10.80,10.60,10.60,10.90,11.30,,11.70,,,11.90,12.10,22.90,12.20,,11.80,,,11.00,,,,,
151640003,1492289,5039131,146.23,OSSONA                                            via 25 Aprile-Marconi,9.40,10.00,10.90,10.40,11.10,10.40,9.60,9.30,9.00,9.70,,10.30, -,10.51,10.95,11.80,10.50,9.00,,7.15,7.45,8.85,9.80,10.15,10.10,10.60,11.30,11.70,10.90,9.90,8.85,7.80,7.90,8.80,10.10,11.05,11.70,12.00,12.10,12.60,12.15,10.70,,7.80,7.10,8.70,9.40,10.40,10.40,11.20,11.50,,12.00,10.80,,7.70,7.70,8.50,8.60,,9.10,9.50,9.80,"* 12,2",12.20,11.50,9.20,9.05,8.40,,9.20,,11.80,11.80,12.00,12.20,11.90,10.60,,8.40,,,,,
151650025,1494215,5023750,107.50,OZZERO                                              v.25 Aprile-Faraon,6.40,6.00,6.30,5.70,5.35,4.00,3.60,4.10,5.00,5.55,,6.10,5.90,,6.30,6.00,4.00,4.00,3.40,,5.00,5.90,6.05,5.90,6.00,6.15,6.40,6.10,4.70,3.50,3.60,3.70,4.70,5.45,6.05,6.20,6.20,6.30,6.50,6.10,5.70,5.70,,4.80,5.60,5.60,5.90,,6.30,6.40,6.70,,6.00,4.40,,4.50,4.50,5.60,5.70,,5.80,6.00,6.10,6.10,5.70,4.70,4.30,4.00,4.60,5.20,,,6.00,5.80,5.80,6.50,5.00,4.20,4.15,,,,,,
151660003,1512878,5046812,133.78,PADERNO DUG.               via S.M.del Carso,31.85,31.85,31.75,31.95,31.85,32.05,31.85,31.40,31.10,31.20,31.20,31.00,30.45,30.00,30.00,30.90,30.10,30.00,29.65,29.30,29.55,29.90,30.20,30.15,30.00,30.15,30.30,30.50,30.80,30.70,30.25,29.85,30.00,30.20,30.70,30.80,31.20,31.70,32.10,32.20,32.20,32.00,,31.80,31.40,31.55,32.00,32.50,32.40,32.80,33.20,33.50,33.30,33.00,32.70,,32.10,32.10,32.50,31.85,31.30,31.20,31.10,30.80,30.30,29.70,29.50,29.40,29.20,29.40,,,29.80,30.10,30.40,,,,,,,,,,
151660007,1514450,5046495,131.61,PADERNO DUG.              Calderara,32.00,31.85,31.75,31.80,31.85,31.80,31.60,31.35,31.10,31.40,31.40,31.00,30.50,30.20,30.10,30.30,30.10,30.00,29.70,29.40,29.70,30.10,30.30,30.30,30.20,30.20,30.45,30.70,30.80,30.60,30.50,30.10,30.10,30.30,30.70,31.00,31.10,31.50,31.80,32.10,32.00,31.80,,31.70,31.80,31.00,32.20,32.50,32.50,32.80,33.10,33.40,33.15,32.80,32.50,,31.80,32.10,32.40,31.80,31.20,31.00,31.00,30.60,29.80,29.40,29.10,29.00,29.00,29.30,,,30.00,30.00,30.30,,,,,,,,,,
151660019,1513210,5047990,172.00,Paderno v.Galli,,,,,,,,,,,,,,,,,,,,,,,,,,,,,,,,,,,,,36.00,35.65,35.70,36.10,36.00,35.90,,35.90,36.40,36.20,36.20,36.40,36.80,37.10,37.10,37.60,37.30,37.30,37.60,,36.40,37.60,36.60,36.20,35.50,35.20,35.20,34.80,34.30,33.70,34.00,33.60,33.30,33.40,,,34.50,33.80,34.20,,34.00,,,33.00,,,,,
151670001,1527170,5032050,97.39,Pantigliate v.D'Annunzio,4.05,4.15,4.40,4.80,5.10,4.80,4.60,4.15,4.00,4.30,4.60,4.50,4.10,4.20,4.40,5.00,5.30,5.50,5.00,4.20,4.10,4.70,4.70,4.80,4.40,4.50,5.20,4.80,4.80,4.70,4.90,4.00,4.20,4.50,4.90,5.30,5.20,5.40,5.70,5.50,5.10,5.30,,5.00,4.70,4.90,4.50,4.90,5.00,5.60,5.80,,5.60,5.50,5.20,,4.70,5.00,4.70,4.90,5.10,5.30,5.50,5.50,5.00,5.00,4.80,4.60,4.70,4.80,,,5.30,5.00,4.90,5.40,5.70,5.20,,4.30,,,,,
181100101,1508425,5007685,85.30,PAVIA                                   C.na Montebello,9.18,9.40,,,,9.32,7.80,8.02,8.24,8.80,8.50,,,9.05,9.50,9.92,9.25,8.43,7.60,,7.95,8.65,9.10,,9.15,,9.55,9.90,9.75,8.40,,,8.00,,8.90,,9.30,9.70,,9.90,8.85,,7.57,,8.00,,,9.00,9.40,10.20,10.20,10.00,8.60,8.60,7.80,,8.20,8.60,8.60,,8.70,9.20,9.40,9.50,9.00,8.40,8.00,8.00,8.10,8.80,,,9.30,9.70,9.60,,,9.00,,8.40,,,,,
151700005,1506621,5039129,139.87,Pero Bergamina,,,,,,,,,,,,,,,,,,,,,,,,,,,,,,,,,,,,,14.70,15.10,15.60,15.00,15.00,14.40,,13.10,13.40,12.50,14.10,14.40,15.00,15.00,15.60,15.90,16.00,15.60,14.90,,14.00,14.50,14.70,13.80,13.00,13.40,13.30,13.20,13.00,13.60,13.30,13.00,12.50,13.20,,,13.90,14.30,14.80,,,,,,,,,,
151710024,1522950,5032800,102.20,PESCHIERA B.                   Depuratore,,1.60,1.75,1.90,1.90,,1.55,,,1.82,1.80,,,1.68,1.97,2.20,2.00,1.80,1.60,,1.65,1.90,2.05,,1.60,,1.90,2.15,2.00,1.75,,,1.70,,1.85,,1.70,1.97,,,1.95,,,,,,,,,,,,,,,,,,,,,,,,,,,,,,,,,,,,,,,,,,,,
151710197,1522946,5032854,,Peschiera B.FEM Mezzate,3.10,3.00,3.00,3.45,3.70,3.40,3.20,3.05,3.00,3.15,3.40,3.30,2.90,2.95,3.05,3.50,3.50,3.40,2.90,2.80,2.80,3.10,3.40,3.20,3.00,3.10,3.25,3.60,3.60,3.10,3.10,2.85,3.00,3.30,3.20,3.50,3.60,3.60,3.70,3.80,3.60,3.80,,3.00,3.00,3.15,3.10,3.30,3.70,4.00,4.15,,3.80,3.70,3.50,,3.30,3.60,3.00,3.15,3.10,3.30,3.40,3.50,3.10,3.10,2.80,2.80,3.00,,,,3.40,3.10,2.80,3.30,3.80,3.40,,,,,,,
980450001,1535548,5013741,72.89,PIEVE FISSIRAGA             C.na S.Antonio,3.95,3.66,3.85,4.43,4.08,3.94,3.78,3.70,3.53,3.70,3.80,3.70,3.47,,3.98,4.45,4.51,4.35,4.00,,3.68,3.90,4.10,,3.95,,4.20,4.55,4.63,4.45,,,3.70,,4.05,,4.20,4.50,,4.60,,4.55,3.90,,3.63,,3.80,,4.10,4.30,4.50,,4.30,4.00,,3.40,3.70,3.80,,3.90,3.80,4.00,4.00,4.20,4.20,4.00,3.70,,3.90,,,4.00,4.10,4.40,4.70,,4.50,4.40,,3.70,,,,,
181140002,1534790,4995405,54.70,PIEVE P.MORONE             via Repubblica,3.72,3.28,3.49,3.64,,3.95,4.03,3.97,3.90,4.05,3.90,,,2.78,3.11,3.60,3.83,3.82,3.80,,4.05,4.20,4.30,,4.08,,4.10,4.28,4.25,4.50,,,4.28,,4.55,,4.85,4.65,,4.80,4.80,,4.75,,4.35,,3.80,,3.80,3.90,4.10,,4.00,4.00,,3.90,4.00,4.00,,4.10,2.70,2.90,3.00,3.10,3.00,3.30,3.00,,3.20,,,3.00,3.30,4.30,,,3.90,4.20,,3.70,,,,,
151750289,1525025,5036125,112.50,Pioltello FEM Limito,4.21,4.00,4.55,4.80,5.10,5.85,4.90,4.00,3.50,4.15,4.30,4.15,4.00,4.20,5.00,5.60,6.00,5.60,5.10,4.40,3.50,3.50,4.10,4.40,3.95,4.30,4.90,5.80,6.25,5.50,4.75,4.15,3.60,4.10,5.00,5.30,5.90,6.00,6.25,6.80,7.00,6.20,,4.50,4.00,4.40,4.70,5.10,5.10,5.80,6.30,6.70,7.00,6.00,5.30,,4.80,4.70,4.00,4.50,4.00,4.20,4.50,5.00,5.30,5.20,4.90,4.50,4.20,4.00,,,4.50,4.60,4.80,6.00,6.20,6.00,,5.00,,,,,
151750006,1525252,5038044,109.30,Pioltello via Pisa,8.00,7.40,7.80,8.80,9.40,8.70,7.50,6.70,5.80,6.80,7.30,7.70,6.70,7.30,8.10,9.00,9.20,8.40,6.70,5.85,5.00,5.30,6.80,6.80,7.30,7.70,8.30,9.00,9.40,8.60,7.80,6.80,5.70,7.00,8.00,8.60,9.00,9.30,9.60,10.10,10.60,10.00,,7.30,6.40,6.70,7.30,7.40,8.10,8.50,9.40,9.90,10.90,10.00,9.00,,7.00,7.00,7.00,6.80,7.00,6.80,7.20,8.00,8.40,8.10,7.10,6.60,6.00,6.50,,,6.80,7.10,7.80,,6.00,8.40,7.90,6.15,,,,,
151750008,1525340,5039735,126.16,Piotello S.Francesco,,,,,,,,,,,,,,,,,,,,,,,,,,,,,,,,,,,,,13.70,13.70,14.30,14.70,15.30,15.10,,13.70,13.70,13.90,14.10,14.30,13.80,14.30,14.70,15.10,15.20,15.30,15.00,,13.50,13.30,13.50,13.70,13.00,13.30,13.60,13.80,13.80,13.60,13.20,12.80,12.40,12.00,,,12.40,12.70,12.80,14.30,14.50,14.00,,13.40,,,,,
151750291+C132,1525340,5039735,126.16,Piotello S.Francesco piez.,,,,,,,,,,,,,,,,,,,,,,,,,,,,,,,,,,,,,10.60,11.00,11.40,12.20,11.70,10.70,,8.10,7.90,8.60,8.90,9.40,10.50,11.20,12.20,12.80,12.70,11.80,11.50,,8.50,8.10,8.70,9.00,8.50,8.70,9.00,10.70,10.50,10.10,10.00,9.40,9.20,9.00,,,9.60,9.60,9.80,11.80,11.70,10.30,,7.80,,,,,
151760002,1499485,5042120,162.50,Pogliano Garibaldi,,,,,,,,,,,,,,,,,,,,,,,,,,,,,,,,,,,,,14.50,14.80,15.50,15.90,16.00,14.80,,12.20,11.70,12.20,13.00,13.60,14.00,14.10,14.50,14.70,15.30,14.50,13.00,,11.50,12.00,12.40,11.20,11.40,11.60,11.80,12.00,12.10,12.00,10.80,11.00,10.00,11.30,,,,13.10,13.50,,,,,,,,,,
151790040,1499516,5042096,143.48,PREGNANA M.4/5               via Gallarate,10.45,10.45,11.20,11.80,11.35,10.25,9.45,9.25,9.05,9.65,,10.20,9.85,9.95,10.65,11.25,10.35,9.50,8.45,7.90,8.20,9.60,10.45,10.60,10.30,10.60,11.25,10.40,10.00,10.00,9.50,8.65,9.40,9.90,11.00,11.80,12.40,12.90,13.05,13.60,13.60,12.00,,9.55,9.05,10.40,11.00,11.40,11.70,12.10,12.50,13.05,12.40,11.20,,9.15,9.25,9.70,9.20,,9.70,10.00,10.20,10.35,10.10,9.80,9.40,9.00,8.35,,8.80,,10.10,8.90,9.30,9.60,9.10,10.10,,9.00,,,,,
151790005,1499516,5042096,140.68,PREGNANA MIL.               via Gallarate,14.35,14.55,14.70,15.30,15.15,14.80,14.60,14.05,13.50,14.15,,14.15,13.95,13.75,14.40,15.05,14.35,13.45,12.90,12.20,12.70,13.40,14.10,14.50,14.25,14.60,15.00,15.25,15.00,14.60,14.25,13.30,13.70,14.10,14.40,14.55,14.70,15.05,15.20,15.65,16.00,14.80,,14.10,13.80,13.90,14.10,14.60,14.90,15.25,15.55,16.00,15.60,14.30,,13.20,13.40,13.90,13.70,,13.40,13.60,13.90,13.70,13.80,13.60,13.00,12.60,12.20,,12.60,,14.40,13.60,14.00,14.40,13.90,13.80,,12.40,,,,,
151810001,1496200,5051450,180.25,RESCALDINA                    via Melzi-Comune I,39.30,39.00,39.00,39.00,38.90,39.20,39.20,39.60,40.00,40.40,39.40,39.40, -,38.00,38.50,38.50,38.80,39.00,,38.60,39.10,39.10,39.40,39.50,39.60,39.60,39.90,40.00,40.20,39.80,39.40,39.40,39.60,39.60,39.50,39.80,40.00,40.20,40.20,40.30,40.30,40.50,,40.40,40.40,40.60,40.50,40.50,40.40,40.60,40.80,41.00,41.00,41.50,40.60,,40.10,40.40,40.50,38.00,38.30,38.60,37.50,37.80,37.80,38.00,38.00,38.20,38.50,39.10,,,39.50,39.90,40.00,,,,,,,,,,
151820106,1503760,5039860,138.59,RHO Alumix spa  *         via S.Martino,7.70,7.70,8.10,8.50,8.40,7.30,6.60,6.35,6.10,6.80,,6.50,6.00,6.60,7.10,7.70,6.90,6.40,5.70,,5.50,6.40,6.90,7.20,7.00,7.40,7.90,7.90,7.30,6.80,5.90,,5.60,6.20,,7.06,8.00,8.35,8.60,9.20,9.30,8.05,,6.30,6.60,7.50,7.30,8.00,8.40,9.00,9.60,9.60,8.50,8.10,,6.40,6.60,6.70,6.70,,6.20,6.60,6.60,6.80,7.10,6.30,5.80,5.30,5.70,,6.60,,8.00,7.40,7.80,8.00,7.30,6.80,,5.30,,,,,
151830028,1482745,5041027,144.30,ROBECCHETTO I.                        via Don Pozzi ,22.00,21.80,22.00,22.00,20.50,19.00,18.10,18.45,18.80,20.05,,21.30, -, -, -,22.30,20.40,19.10,,,,,,,22.00,22.40,23.20,22.10,21.00,19.50,,,18.25,20.40,21.20,21.90,22.40,22.80,23.00,22.60,22.10,20.90,,18.50,18.50,20.00,20.80,21.40,21.80,22.30,23.00,23.20,21.90,21.80,20.00,,17.80,19.20,20.50,,21.00,21.40,21.50,21.90,21.10,20.00,19.30,,,,,,,,,,,,,,,,,,
151840023,1488730,5030170,107.78,ROBECCO sul N.                              C.na Visconta,1.30,1.40,1.60,1.20,0.90,0.90,0.90,1.05,1.20,1.40,1.35,1.30,1.35,1.40,1.28,1.15,0.90,0.70,0.70,0.90,1.10,1.30,1.30,1.30,1.40,1.60,1.60,1.30,1.00,0.90,0.80,0.70,1.10,1.30,1.50,1.60,1.50,1.60,1.60,1.40,1.40,1.00,,0.90,1.10,1.30,1.30,,1.50,1.60,1.60,,1.20,0.90,,0.90,0.90,1.00,1.00,,1.30,1.30,1.40,1.40,1.20,0.90,0.80,0.80,,,,,1.70,1.30,1.60,1.40,1.30,1.50,,1.00,,,,,
151850001,1528061,5035495,103.16,Rodano via S.Pellico,,5.45,6.40,6.80,7.60,7.00,5.80,5.00,4.50,5.20,5.40,5.70,5.20,6.00,6.80,7.00,7.40,6.30,5.40,5.20,5.00,4.80,5.20,5.50,4.90,6.00,6.30,7.20,7.00,6.30,6.50,4.70,5.50,5.70,6.70,6.70,7.20,7.10,7.60,7.70,8.20,7.40,,6.30,5.10,5.10,5.00,5.40,6.00,6.35,7.00,7.60,7.30,7.10,6.60,,5.00,4.80,5.00,4.50,4.30,4.80,5.20,5.40,5.60,5.80,5.80,5.30,4.50,4.90,,,1.90,2.00,2.20,2.20,2.00,1.80,,1.80,,,,,
151850004,1528135,5035520,110.50,Rodano via S.Pellico,,,,,,,,,,,,,,,,,,,,,,,,,,,,,,,,,,,,,2.00,2.20,2.50,2.70,2.85,2.50,,2.80,3.00,2.25,2.25,2.10,2.00,2.20,2.40,2.60,2.70,2.80,2.70,,2.30,2.00,1.90,1.80,1.70,1.70,1.80,1.90,2.00,2.00,1.90,1.90,1.80,2.00,,,4.90,5.00,6.00,,6.00,5.60,5.75,4.20,,,,,
151860001,1535790,5049790,158.39,RONCELLO                        S.Ambrogio-serb.,34.00,33.70,33.10,33.00,33.00,33.30,33.85,33.50,33.70,33.70,34.40,,33.90,,33.10,33.40,33.80,33.60,33.60,33.50,33.65,33.80,34.10,34.00,33.90,34.20,34.40,34.50,34.80,34.90,35.00,35.00,35.10,35.00,35.15,35.40,35.50,34.80,34.90,34.90,34.90,34.60,,35.40,35.70,35.70,35.80,35.80,35.20,35.40,35.40,35.80,35.30,35.40,35.40,,35.60,35.70,35.70,34.10,34.00,32.80,32.20,32.00,32.00,32.00,31.70,31.60,31.70,32.10,,,32.80,32.80,32.40,33.30,33.00,32.70,,34.00,,,,,
151870001,1531348,5057132,210.11,RONCO BR.                      via Mandelli-serb.,38.20,37.70,35.20,35.70,36.60,38.00,37.60,38.00,38.50,37.80,35.40,33.70,32.00,32.30,33.60,35.00,36.00,37.40,37.70,38.00,38.40,39.40,39.60,39.60,37.50,37.20,38.00,38.60,38.70,38.40,37.70,37.00,37.50,36.30,38.00,37.00,37.80,38.40,39.00,39.00,39.00,39.20,,39.50,39.40,39.45,39.60,36.40,36.80,37.70,38.40,38.70,37.80,36.70,37.20,,38.40,38.50,34.60,29.80,30.10,29.20,30.40,30.00,30.70,31.10,33.60,33.80,34.10,34.80,,,35.70,39.40,38.80,,,,,,,,,,
151880001,1501271,5021782,105.59,ROSATE                             p.za Vitt.Veneto,3.40,3.60,4.00,3.30,3.00,2.50,2.40,2.60,3.10,3.20,,3.30,3.25, -,,3.50,2.80,2.40,2.20,,,3.70,3.45,3.10,3.30,3.60,4.10,3.30,2.90,2.60,2.55,2.50,2.90,3.20,3.50,3.70,3.70,3.80,4.00,3.80,3.10,2.50,,2.30,3.00,3.20,3.50,,3.60,4.00,4.00,,3.00,2.60,,2.30,3.00,3.20,3.00,,3.30,3.50,3.60,3.40,3.10,2.80,2.30,2.30,2.50,3.10,,,3.40,3.00,3.20,3.00,3.00,3.00,,2.40,,,,,
151890001,1511429,5024772,103.40,ROZZANO via Matteotti,6.40,6.50,6.80,6.70,6.40,6.40,6.30,6.30,6.80,6.40,6.55,6.70,6.25,6.43,6.60,7.00,7.00,6.30,6.00,6.35,6.70,6.90,6.40,6.00,6.20,6.70,6.90,6.40,6.10,6.60,6.40,6.20,6.70,7.00,7.10,7.10,6.80,6.90,6.95,7.00,6.80,6.40,6.20,6.00,6.60,6.70,6.70,6.75,6.80,7.10,7.20,7.10,7.00,6.80,6.55,6.30,6.80,7.00,6.80,6.90,7.00,7.10,6.70,6.70,6.60,6.60,6.40,6.20,6.50,6.70,6.90,7.00,7.10,7.00,7.00,6.90,6.70,6.70,,6.30,,,,,
980500005,1532041,5007048,68.25,S.ANGELO LOD.                  fraz.Ranera,7.11,7.10,7.08,7.24,7.32,7.17,7.23,7.20,7.18,6.90,7.00,6.98,6.92,,6.90,7.00,7.20,7.08,6.95,,6.80,6.87,6.90,,7.28,,7.52,7.75,7.45,7.40,,,6.90,,7.00,,7.20,7.45,,7.60,,7.60,7.50,,7.15,,7.20,,7.40,7.45,7.50,,7.20,7.60,,7.00,7.10,7.00,,7.00,7.00,6.90,7.10,7.10,7.00,7.00,6.60,,6.50,,6.50,6.30,6.90,7.10,,,7.70,7.40,,7.20,,,,,
151910009,1539965,5001295,55.45,S.COLOMBANO L.             Mostiola,11.28,11.21,11.27,11.32,,11.33,11.28,11.22,11.25,,11.25,11.13,10.45,,10.00,10.00,10.20,10.10,10.00,,10.00,10.12,10.40,,10.75,,10.95,11.13,11.23,11.30,,,11.15,,11.10,,11.30,11.50,,11.70,,11.50,11.57,,11.00,,11.60,,11.80,11.30,11.20,,,11.10,,11.30,11.30,11.30,,11.50,11.20,11.20,11.30,11.30,11.40,,11.60,,,,,,,,11.70,,11.40,11.30,,10.90,,,,,
181390002,1531095,5000710,70.00,S.CRISTINA B.                      via Milano,16.00,15.85,16.15,16.15,,16.22,16.47,16.47,16.47,15.65,15.75,,,14.80,15.20,16.25,16.20,16.03,15.85,,15.30,15.60,15.55,,15.05,,15.10,16.00,15.95,16.57,,,15.10,,15.50,,15.85,16.55,,17.50,17.46,,17.30,,16.35,,16.50,,16.60,16.80,17.15,,17.30,17.20,,16.70,16.60,16.60,,16.70,16.20,16.70,17.00,16.60,16.40,16.30,15.80,,16.00,,,16.00,16.60,16.60,,,16.00,16.40,,16.00,,,,,
151920005,1520822,5030727,103.19,S.Donato v.A.Moro,,,,,,,,,,,,,,,,,,,,,,,,,,,,,,,,,,,,,9.60,10.10,10.60,9.90,11.20,11.60,10.70,9.80,8.80,9.20,8.80,9.40,9.50,10.00,10.40,10.40,10.40,10.70,10.30,9.90,9.70,9.50,8.70,9.10,9.80,10.10,10.40,10.50,10.00,10.00,9.80,9.30,9.70,9.60,9.95,10.13,10.30,10.00,9.40,10.30,10.60,10.10,,9.20,,,,,
151950007,1519358,5026813,95.41,S.Giuliano Maroncelli,4.00,4.00,4.20,4.50,4.70,4.60,4.40,4.50,,,,4.30,3.90,4.10,4.50,,,,,,,,,,,4.00,4.30,4.50,4.40,4.30,4.30,4.00,4.00,4.30,4.60,4.80,4.60,4.75,4.90,5.10,5.00,5.00,4.75,4.50,4.20,4.40,4.60,4.30,4.50,4.70,5.00,4.85,4.70,4.50,4.50,5.25,6.00,6.00,5.00,5.80,5.60,5.90,6.20,6.20,6.00,6.00,5.50,5.10,5.40,5.70,5.95,6.08,6.20,6.30,5.90,,,,,,,,,,
151950012,1520795,5027435,99.00,S.Giuliano v. Liberazione,,,,,,,,,,,,,,,,,,,,,,,,,,,,,,,,,,,,,,,4.20,4.40,4.30,4.60,,4.10,3.80,3.80,3.50,3.80,3.90,4.10,4.20,,4.00,4.00,4.00,,4.20,4.80,4.80,4.60,4.50,4.80,5.00,5.10,4.80,4.80,4.40,4.00,4.20,4.40,,,4.90,5.10,4.80,5.00,5.40,5.30,,4.10,,,,,
151950015,1523855,5025495,93.50,S.Giuliano v.Tolstoy,,,,,,,,,,,,,,,,,,,,,,,,,,,,,,,,,,,,,,,,9.00,8.90,9.60,,8.60,7.90,8.50,8.20,8.50,8.60,8.70,8.80,9.00,8.70,8.60,9.00,,9.20,9.00,8.70,8.60,8.60,8.90,9.00,9.30,9.00,9.00,9.10,8.70,9.00,9.10,,,10.00,10.20,9.70,,,,,,,,,,
980480003,1541478,5013387,70.16,S.MARTINO STR.               via F.Aporti-serb.,3.37,3.03,3.26,3.60,3.55,3.27,2.47,2.47,2.83,2.60,3.00,2.65,,3.85,2.97,3.30,3.20,2.90,2.65,,2.52,3.10,3.30,,3.40,,3.53,3.60,3.65,3.25,,,3.00,,3.30,,3.30,,3.65,3.55,,3.10,2.85,,2.70,,3.00,,3.75,3.80,4.00,,3.70,3.00,,2.40,2.80,2.50,,3.00,3.30,3.80,,,3.60,3.40,3.30,,3.30,,,,3.50,3.60,3.80,,,,,3.40,,,,,
980480003,1541478,5013387,70.16,S.MARTINO STR.               via F.Aporti-serb.,66.79,67.13,66.90,66.56,66.61,66.89,67.69,67.69,67.33,67.56,67.16,67.51,0.00,66.31,67.19,66.86,66.96,67.26,67.51,0.00,67.64,67.06,66.86,0.00,66.76,0.00,66.63,66.56,66.51,66.91,0.00,0.00,67.16,0.00,66.86,0.00,66.86,0.00,66.51,66.61,0.00,67.06,67.31,0.00,67.46,0.00,67.16,0.00,66.41,66.36,66.16,0.00,66.46,67.16,0.00,67.76,67.36,67.66,0.00,67.16,66.86,66.36,0.00,0.00,66.56,66.76,66.86,0.00,66.86,0.00,0.00,0.00,66.66,66.56,66.36,0.00,0.00,0.00,0.00,66.76,,,,,
980490001,1554770,4992220,43.59,S.ROCCO AL PORTO        via Acquedotto,4.54,4.05,4.35,4.68,,4.50,4.79,5.08,4.88,,4.26,3.85,,3.93,4.40,4.80,5.15,5.05,3.80,,4.95,5.20,5.15,,,5.00,5.13,5.35,4.45,4.00,,,5.00,,5.05,,5.10,5.40,,5.15,,4.40,5.20,,5.00,,4.20,,5.00,5.25,5.40,,4.80,4.50,,5.00,5.00,1.80,,3.30,3.70,4.00,3.80,4.20,4.00,4.00,3.90,,4.00,,,4.10,4.60,4.50,4.30,,,,,4.50,,,,,
152040003,1497800,5037160,138.03,SEDRIANO                                       via Fagnani ,,5.40,6.00,6.00,6.00,5.00,4.80,4.80,4.80,5.00,5.15,5.30,5.25,5.20,5.70,6.20,5.20,3.80,4.20,4.25,4.30,5.20,5.60,5.70,5.25,5.40,6.00,6.20,5.70,5.20,4.70,4.20,4.70,4.90,5.10,5.40,6.40,6.40,7.20,7.10,7.00,6.20,,4.70,4.30,5.00,5.45,5.70,6.00,6.30,6.70,6.70,6.40,6.00,5.15,,4.30,4.70,5.00,,5.30,5.20,5.30,5.70,5.60,5.40,5.00,4.60,4.40,4.90,,,5.30,5.60,5.70,,5.60,5.30,5.40,4.40,,,,,
152050140,1523055,5035090,111.00,Segrate Idroscalo,,,,,,,,,,,,,,,,,,,,,,,,,,,,,,,,,,,,,6.20,6.30,6.80,7.10,7.50,7.50,,5.80,5.80,6.00,5.50,5.70,6.40,6.70,7.10,7.20,7.20,7.30,6.90,,6.60,6.00,5.40,5.70,5.50,5.80,6.20,6.00,6.30,6.50,6.10,5.70,5.50,5.10,,,5.40,5.50,5.70,7.00,7.30,7.00,,6.50,,,,,
152050007,1521059,5038729,121.76,Segrate Milano 2,,,,,,,,,,,,,,,,,,,,,,,,,,,,,,,,,,,,,13.20,14.00,14.60,15.20,15.00,15.60,,14.40,14.00,14.00,13.80,14.00,13.80,14.40,14.80,15.10,15.70,16.30,16.30,,14.40,15.00,14.40,13.00,13.20,13.30,14.00,14.60,14.60,14.60,14.90,14.00,13.40,13.70,,,13.90,14.40,15.00,,16.30,15.70,15.90,13.40,,,,,
152060004,1510324,5047248,169.78,Senago v. Adda,,,,,,,,,,,,,,,,,,,,,,,,,,,,,,,,,,,,,28.20,28.50,28.90,29.00,29.00,29.30,,28.70,29.00,29.20,29.30,29.70,29.80,29.80,30.00,30.40,30.40,30.40,30.00,,29.40,29.40,29.50,28.70,28.40,28.40,28.20,28.00,27.60,27.20,27.00,26.60,26.90,27.00,,,27.40,28.00,28.20,,27.70,27.40,,27.00,,,,,
980530003,1546645,4999934,47.89,SENNA LODIGIANA            via Acquedotto,13.34,13.35,13.38,13.51,,13.45,13.48,13.42,13.35,,13.45,13.50,,13.15,13.25,13.40,13.58,13.33,13.45,,13.45,13.40,11.57,,13.70,,13.83,13.95,13.70,13.87,,,13.80,,14.00,,14.00,14.15,,14.10,,14.18,14.00,,13.75,,,,13.80,14.00,14.00,,14.10,13.80,,13.70,13.70,13.60,,14.00,14.00,13.60,13.50,13.60,13.60,13.30,13.50,,13.70,,,13.80,14.10,13.70,13.80,,13.40,,,13.10,,,,,
152090017,1517310,5042250,116.29,SESTO SAN G. via Baracca,23.50,23.70,23.20,23.00,23.40,23.10,22.70,22.50,22.30,22.40,22.60,21.95,21.30,21.20,21.00,21.50,21.40,21.60,21.35,21.10,20.70,20.70,21.20,20.60,21.00,21.00,21.00,21.40,21.60,22.00,22.00,22.20,22.00,22.30,22.00,22.40,22.10,22.30,22.70,23.00,23.30,23.80,23.90,24.00,23.80,23.90,23.40,23.30,23.30,23.50,23.90,24.20,24.30,24.60,25.00,24.55,24.10,23.80,23.30,22.70,23.10,22.80,21.60,21.30,21.30,21.00,21.10,20.90,20.70,20.40,21.25,21.68,22.10,23.00,23.40,23.50,21.60,21.20,,20.60,,,,,
152090021,1519104,5042802,117.19,SESTO SAN G. via Italia,25.70,25.80,25.00,25.00,24.80,24.40,24.50,24.50,23.60,23.80,24.00,24.30,24.60,23.80,22.80,23.30,23.20,23.50,23.40,23.30,22.00,22.25,22.30,22.30,22.60,22.80,22.90,23.20,23.50,23.60,23.60,23.20,23.00,23.00,23.00,23.20,23.50,23.70,24.20,24.70,24.90,25.40,25.40,25.40,25.10,25.20,24.70,24.50,24.70,25.00,25.50,25.80,26.10,26.10,26.30,25.85,25.40,25.40,24.90,23.60,23.20,23.00,22.70,22.70,23.00,22.60,22.80,22.40,,,,,,,,,,,,,,,,,
152090016,1520400,5044400,121.98,SESTO SAN GIOV.           via Tevere,20.00,20.00,20.20,20.60,20.80,20.20,20.00,20.00,19.10,19.30,19.55,19.18,18.80,18.90,19.00,19.20,19.40,19.60,19.30,19.00,18.00,18.40,18.40,18.60,18.60,18.80,19.00,19.50,20.00,19.70,19.20,18.80,18.60,18.60,18.70,19.20,20.00,20.00,20.70,21.10,21.30,21.50,21.25,21.00,20.60,20.30,20.00,20.00,20.20,20.80,21.50,21.80,22.00,22.00,21.80,21.30,20.80,20.70,19.60,18.60,18.80,18.50,18.70,18.40,18.60,18.50,18.20,18.00,18.00,17.60,18.30,18.65,19.00,19.70,20.20,20.50,19.40,19.00,,18.30,,,,,
152090014,1517917,5041639,114.37,SESTO SAN GIOV.          via Marelli,23.20,22.90,22.25,22.00,22.20,22.00,22.40,21.85,21.30,21.30,20.85,21.00,20.35,20.00,20.00,20.30,20.60,20.80,20.40,20.00,19.70,19.85,20.00,20.00,20.10,20.20,20.45,20.45,20.70,21.00,20.85,21.00,20.85,20.80,20.80,21.00,21.00,21.30,21.50,21.80,22.10,22.45,22.63,22.80,22.40,22.60,22.20,22.00,22.00,22.20,22.65,23.40,23.10,23.40,23.80,23.30,22.80,22.80,22.20,21.30,21.00,21.20,20.50,20.20,20.00,20.00,20.20,20.00,19.60,19.30,20.10,20.50,20.90,21.60,21.80,,,,,,,,,,
152100004,1530910,5030970,98.60,Settala depuratore,,,,,,,,,,,,,,,,,,,,,,,,,,,,,,,,,,,,,3.20,3.20,3.40,3.55,3.50,3.20,,2.30,2.30,2.60,2.80,3.00,2.90,3.20,3.30,3.40,3.40,3.10,2.90,,,2.70,2.50,2.70,2.60,2.90,3.10,3.10,3.20,,2.80,2.70,2.50,2.50,,,2.80,3.00,3.30,,3.00,3.00,3.00,2.45,,,,,
152110005,1505114,5036454,132.82,Settimo v.Fermi,,,,,,,,,,,,,,,,,,,,,,,,,,,,,,,,,,,,,9.70,9.90,10.20,10.10,10.30,9.85,,8.20,8.40,9.10,9.40,9.80,9.80,9.50,9.90,10.30,10.30,9.90,9.10,,9.10,9.40,8.70,,8.80,8.80,9.00,9.10,9.30,9.20,9.00,8.70,8.70,9.00,,,9.20,9.50,9.70,,9.00,9.00,,8.40,,,,,
152130001,1505849,5051473,211.36,Solaro v. Drizza,,,,,,,,,,,,,,,,,,,,,,,,,,,,,,,,,,,,,44.00,44.30,44.40,44.60,44.70,44.70,,45.60,46.80,46.00,46.15,46.20,46.40,46.00,46.30,46.60,47.00,47.20,47.00,,,,,,,,,,,,,,,,,,,,,,,,,,,,,,
152130021,1506695,5051430,208.00,Solaro v. S.Paolo,,,,,,,,,,,,,,,,,,,,,,,,,,,,,,,,,,,,,46.80,47.00,47.00,47.30,47.30,47.10,,47.20,48.30,48.20,48.50,48.70,48.70,48.70,49.00,49.20,49.60,49.80,49.80,,49.40,49.00,49.00,47.70,46.50,45.80,45.70,44.20,44.00,43.70,43.00,43.00,41.70,41.30,,,42.00,43.00,43.40,,,,,,,,,,
152160005,1520190,5054875,174.26,SOVICO                                Beta spa-via Volta,,43.30,42.90,43.10,43.80,44.00,43.85,43.93,44.00,44.30,44.40,44.00,40.70,41.10,42.00,42.80,43.70,44.40,45.00,44.50,44.90,45.20,45.70,45.60,45.00,44.60,44.80,45.20,45.60,45.20,43.80,43.60,44.00,44.00,43.60,44.00,45.00,45.60,46.20,46.50,46.90,46.40,,46.10,46.40,45.60,44.40,43.40,44.10,44.80,45.50,45.80,45.10,44.30,44.00,,44.20,44.30,40.30,38.00,38.20,38.50,39.10,39.00,39.40,40.10,41.20,42.50,43.20,43.55,43.90,44.65,45.40,45.70,45.20,45.00,44.90,43.80,,41.20,,,,,
181520001,1527070,4997630,68.50,SPESSA PO                         via delle Betulle,10.68,10.52,10.85,,,10.53,10.20,10.27,10.33,10.20,10.50,,,10.60,10.80,11.18,11.05,10.78,10.50,,10.20,10.41,10.55,,10.83,,11.05,11.32,11.25,11.00,,,10.65,,10.30,,10.80,11.10,,11.35,11.20,,10.45,,10.10,,10.45,,11.00,11.20,11.40,,11.10,10.80,,10.20,10.50,10.20,,10.20,10.70,10.90,11.00,11.10,10.90,10.70,10.60,,10.60,,,10.40,10.80,11.40,,,11.30,11.20,,10.70,,,,,
152170007,1533555,5053640,230.20,Sulbiate 4 novembre,,,,,,,,,,,,,,,,,,,,,,,,,,,,,,,,,,,,,58.40,58.15,58.60,59.00,59.20,60.00,,60.80,60.80,61.70,61.00,60.80,,61.90,61.10,61.40,61.00,61.00,60.80,,61.70,61.60,61.10,59.80,58.60,57.30,57.00,57.30,56.80,57.00,56.60,56.50,57.00,57.50,,,58.10,58.60,,,,,,,,,,,
152200001,1504740,5029600,113.21,TREZZANO sul N.            via Edison,4.00,3.50,4.20,3.90,3.55,3.60,3.40,3.70,3.80,3.80,3.90,4.00,3.60,3.75,3.90,4.00,4.00,3.60,3.50,3.70,3.90,3.90,3.40,3.30,3.60,3.90,4.30,4.00,3.90,3.70,3.65,3.60,3.90,4.10,3.80,3.90,4.00,4.00,4.20,4.00,3.50,3.30,3.20,3.10,3.60,3.90,3.90,3.95,4.00,3.80,4.10,3.95,3.80,3.40,3.25,3.10,3.50,3.80,3.50,3.60,3.70,3.90,3.90,3.70,3.60,3.20,3.20,3.00,3.20,3.35,3.50,3.65,3.80,2.50,3.70,3.70,3.60,3.30,,3.00,,,,,
152210001,1540543,5051091,141.68,TREZZO sull'ADDA          via Visconti,7.60,7.50,7.80,8.00,8.00,8.00,7.60,7.60,7.70,7.60,7.55,,7.50,7.60,7.60,8.00,8.00,8.00,6.70,,7.20,7.60,7.70,7.70,7.80,7.90,7.90,8.00,8.00,7.50,7.45,7.40,7.60,7.90,7.50,7.80,7.80,8.00,8.20,8.25,8.30,8.10,,8.00,7.80,7.10,7.10,7.40,7.80,8.00,8.00,8.20,7.90,7.60,7.50,,7.45,7.70,6.70,6.70,6.90,6.80,6.80,7.00,7.30,6.80,6.60,6.60,6.70,6.90,,,7.00,7.30,8.30,,,,,,,,,,
152220001,1528826,5027968,94.78,Tribiano Puccini,,,,,,,,,,,,,,,,,,,,,,,,,,,,,,,,,,,,,4.30,,4.55,4.67,,3.80,3.50,,3.60,,3.80,,4.30,4.40,4.70,,4.40,3.70,,3.40,3.50,3.30,,3.90,3.90,4.10,4.10,4.00,3.90,3.50,3.30,,3.40,,,,4.00,4.40,4.60,,,,,3.10,,,,,
152230007,1521240,5055620,181.37,TRIUGGIO                          via Kennedy,33.40,32.80,33.50,34.00,34.00,33.00,33.40,33.50,33.60,35.00,34.00,34.30,31.60,32.20,33.00,34.40,34.80,36.00,36.00,35.20,36.00,37.00,37.00,37.10,35.00,35.20,35.80,35.80,36.30,,,34.10,33.90,34.15,34.00,34.50,34.80,35.10,36.00,37.50,37.20,36.70,,37.50,36.60,36.00,35.60,34.40,35.20,36.00,36.40,36.70,36.30,34.00,34.80,,34.90,35.10,30.70,28.00,28.20,29.30,30.50,30.30,30.60,31.00,31.20,31.50,31.60,31.90,,,32.20,36.40,36.50,,,,,,,,,,
980580002,1548759,5010831,59.95,TURANO LOD.                    via 25 Aprile,7.45,7.50,7.61,7.65,7.53,7.68,7.68,7.50,7.57,,7.34,,,7.20,7.17,7.60,7.80,7.50,7.53,,7.35,,7.50,,,7.40,7.40,7.58,7.70,7.70,,,7.30,,,7.35,7.50,,7.72,7.50,,7.55,7.50,,7.25,,7.35,,7.45,7.45,7.60,,7.70,7.60,,7.60,7.45,7.30,,7.40,7.50,7.70,7.90,8.20,7.90,7.70,8.00,,,,,,7.40,7.20,7.50,,,,,7.40,,,,,
980590001,1526403,5011526,72.35,VALERA FRATTA             serb.scuola materna,6.88,6.83,7.03,7.25,7.20,7.15,7.08,7.00,6.87,6.81,6.88,6.77,,6.95,6.97,7.10,7.35,6.80,6.77,,6.60,6.85,7.03,,6.93,,7.05,7.20,7.15,7.15,,,6.50,,7.00,,7.00,7.45,,7.55,,7.50,7.20,,6.50,,7.00,,7.00,7.20,7.40,,7.20,7.20,,6.60,6.80,6.70,,6.80,6.50,6.50,6.70,6.80,6.60,6.60,6.20,,6.40,,6.50,6.60,6.80,7.00,,,7.10,7.60,,7.00,,,,,
181690010,1517310,5000450,64.10,VALLE SALIMBENE          C.na Moncucca,,,,,,,5.02,,,5.94,6.00,,,,,,,,5.40,,4.82,5.40,,,,,,,,5.77,,,5.30,,6.10,,,,,,,,4.80,,,,6.10,,,,,,,4.80,,4.85,5.10,5.00,,4.90,4.80,asciutto,asciutto,asciutto,asciutto,5.20,4.90,,5.10,,,,,asciutto,,,asciutto,5.60,,,,,,,
152490002,1483170,5047350,164.42,VANZAGHELLO                              via Roma II, ,30.00,28.80,29.20,29.80,29.30,29.90,29.45,29.00,29.10,,29.50, -,29.00, -,29.00,29.30,29.40,30.00,,29.50,29.50,29.80,29.50,29.80,30.10,30.30,30.30,30.00,30.00,29.90,29.80,30.10,30.30,30.30,30.00,29.80,29.80,30.00,29.70,30.30,30.70,,31.00,30.80,30.70,30.80,30.60,30.50,30.60,30.80,31.00,31.00,31.10,31.10,,31.00,30.80,30.20,,29.10,28.70,28.60,28.20,28.00,28.00,27.80,27.70,28.00,28.70,,,29.30,29.80,30.00,,29.20,,,,,,,,
152490004,1482365,5046720,191.50,Vanzaghello C.La Fogna,,,,,,,,,,,,,,,,,,,,,,,,,,,,,,,,,,,,,32.50,32.80,33.00,33.00,33.20,33.00,,32.50,32.50,32.50,32.30,32.50,32.80,33.00,33.50,33.50,33.00,33.10,32.90,,32.30,32.00,31.10,,30.80,31.00,30.80,30.70,30.80,31.00,31.00,30.40,30.30,30.90,,,31.30,31.50,31.50,,32.30,32.00,,31.20,,,,,
152490020,1482365,5046720,191.50,Vanzaghello C.La Fogna piez,,,,,,,,,,,,,,,,,,,,,,,,,,,,,,,,,,,,,28.70,29.00,29.20,29.40,29.55,29.70,,29.60,29.60,29.40,29.20,29.00,29.20,29.40,29.80,30.00,30.00,29.90,29.80,,29.20,29.20,28.60,,27.00,27.00,26.90,26.70,26.60,26.80,26.50,26.10,26.10,26.50,,,27.20,28.00,28.40,,29.20,26.60,,26.00,,,,,
152300003,1540700,5046980,129.08,VAPRIO D'ADDA              via Pozzo-serb.,33.40,33.00,33.80,33.70,33.50,33.80,32.80,32.70,33.15,33.70,33.40,,33.15,33.10,33.60,34.10,34.10,33.00,32.80,,32.10,32.40,32.80,33.20,33.20,33.70,34.00,34.40,33.70,33.40,33.00,32.60,32.20,32.80,33.10,33.50,34.00,34.10,34.40,34.30,34.50,33.70,,32.30,32.70,33.00,33.20,33.30,33.70,34.00,34.60,34.10,33.80,32.90,32.30,,32.10,32.40,32.70,32.00,32.30,32.40,32.80,33.10,33.00,32.80,32.20,32.00,32.00,32.30,,,32.50,34.30,34.30,,,,,,,,,,
152340016,1518620,5059065,183.11,VERANO BR.                      via Sabbionette,,63.00,62.80,62.70,63.00,63.70,64.30,64.35,64.40,64.70,64.40,63.80,61.80,61.40,61.10,61.20,61.70,62.20,62.70,,63.50,63.90,64.40,65.00,65.00,65.15,65.00,65.50,66.00,66.00,66.35,,65.00,65.10,65.30,65.40,65.60,66.00,66.30,67.00,67.00,66.60,,,67.40,68.70,68.20,67.40,67.30,67.30,67.50,67.50,68.00,67.70,67.70,,67.10,67.20,66.40,63.70,63.50,60.40,59.60,59.00,58.20,58.00,58.00,,58.40,58.60,,,61.00,62.10,62.10,,,,,,,,,,
152350001,1498622,5026499,113.52,VERMEZZO                        via Dante,2.40,2.40,2.80,2.30,2.10,2.00,1.80,1.90,2.30,2.40,,2.50,2.10,,2.50,2.30,1.80,1.70,1.60,,2.10,2.50,2.20,2.00,2.10,2.40,2.80,2.30,1.90,1.70,1.70,1.70,2.00,2.15,2.60,2.50,2.50,2.60,2.90,2.60,2.00,1.70,,1.70,2.10,2.40,2.50,,2.60,2.80,3.00,,2.20,1.90,,1.70,2.20,2.30,2.20,,2.40,2.60,2.60,2.10,2.00,1.70,1.70,1.60,1.80,,2.20,,2.50,2.30,2.80,2.70,2.10,1.90,,1.70,,,,,
152360003,1506074,5019418,100.79,Vernate Pasturago,,,,,,,,,,,,,,,,,,,,,,,,,,,,,,,,,,,,,4.40,4.50,4.80,4.20,3.90,3.50,,3.30,3.90,4.10,4.30,,4.50,4.60,4.80,,3.80,3.40,,3.20,3.60,4.00,3.70,,3.80,4.15,4.00,3.60,3.70,3.50,3.10,2.90,3.20,3.60,,,4.00,3.70,3.80,3.60,4.00,4.00,,3.10,,,,,
181800003,1526970,5009965,77.00,VILLANTERIO                     fraz.Bolognola,4.70,4.50,4.85,5.10,4.95,4.78,4.57,4.63,4.60,4.65,4.60,4.60,,4.45,4.76,5.00,4.95,4.43,4.28,,4.30,4.65,4.75,,4.60,,4.88,5.25,5.05,4.95,,,4.35,,4.70,,4.80,5.00,,5.15,5.05,,4.80,,4.20,,4.60,,4.80,5.10,5.40,,4.90,4.80,,4.20,4.40,4.40,,4.30,4.30,4.30,4.50,4.70,4.60,4.60,4.20,,4.40,,4.50,4.30,4.40,4.80,,,5.00,5.40,,5.00,,,,,
152410041,1528045,5053045,180.79,VIMERCATE                       IBM pozzo E,24.20,23.00,22.70,22.80,23.20,23.70,24.10,24.25,24.40,24.40,24.60,23.70,21.80,,21.60,22.15,22.50,23.20,,23.80,24.10,24.60,24.90,25.20,24.70,24.60,24.80,25.25,25.70,25.70,25.70,25.70,25.80,25.70,24.90,25.00,25.00,25.30,25.80,26.20,26.20,26.70,,27.50,27.80,27.70,27.20,26.15,25.80,26.00,26.40,26.70,26.60,25.90,26.00,,26.60,26.80,25.90,23.00,22.10,21.00,20.70,20.00,19.80,19.80,20.50,20.70,21.40,22.00,,,22.30,24.00,24.20,27.70,,,,24.00,,,,,
152420041,1521660,5039578,114.20,Vimodrone FEM v.La Torre,9.68,9.60,9.80,10.10,10.50,9.00,8.15,7.15,7.60,8.80,9.30,9.20,9.10,9.55,10.00,10.50,8.40,7.70,7.15,6.50,5.40,5.90,9.00,9.40,9.00,9.40,10.00,10.60,10.75,10.10,9.80,7.70,6.70,7.10,9.70,9.90,10.00,10.40,10.70,11.60,12.00,10.50,9.90,9.30,8.90,9.70,10.00,10.30,11.00,11.40,12.10,12.30,13.00,10.10,9.50,9.75,10.00,9.70,10.00,10.40,9.70,9.80,10.10,10.60,10.80,10.40,10.00,9.40,9.10,9.00,9.60,9.90,10.20,10.50,10.60,11.30,11.60,10.70,,8.00,,,,,
