GIORNI,ANNO 2003,ANNO 2004,ANNO 2005,ANNO 2006,ANNO 2007,ANNO 2008,ANNO 2009,ANNO 2010,ANNO 2011,ANNO 2012,ANNO 2013,ANNO 2014,ANNO 2015,ANNO 2016,ANNO 2017,ANNO 2018,ANNO 2019,ANNO 2020,ANNO 2021,ANNO 2022
01-gen,105.91,105.21,104.97,104.84,103.81,104.78,105.16,105.27,106.03,105.3,105.53,105.26,105.95,105.54,105.56,105.39,105.44,105.73,105.71,105.77
02-gen,105.91,105.22,104.97,104.84,103.82,104.78,105.16,105.27,106.02,105.29,105.53,105.27,105.95,105.54,105.55,105.4,105.43,105.73,105.71,105.77
03-gen,105.91,105.24,104.98,104.84,103.82,104.78,105.16,105.3,106.02,105.31,105.54,105.26,105.95,105.53,105.55,105.4,105.43,105.73,105.74,105.77
04-gen,105.91,105.26,104.98,104.84,103.83,104.79,105.16,105.3,106.01,105.33,105.54,105.29,105.95,105.53,105.55,105.4,105.43,105.73,105.77,105.77
05-gen,105.91,105.27,104.99,104.84,103.83,104.8,105.17,105.31,106,105.33,105.54,105.32,105.95,105.55,105.55,105.4,105.43,105.73,105.81,105.78
06-gen,105.91,105.29,104.99,104.84,103.83,104.81,105.17,105.32,106,105.33,105.54,105.35,105.95,105.55,105.55,105.41,105.42,105.73,105.83,105.77
07-gen,105.91,105.3,104.99,104.83,103.84,104.82,105.17,105.33,106,105.31,105.54,105.37,105.95,105.55,105.54,105.41,105.42,105.73,105.85,105.77
08-gen,105.91,105.31,104.99,104.83,103.84,104.83,105.17,105.35,105.99,105.31,105.54,105.39,105.95,105.55,105.54,105.41,105.42,105.73,105.87,105.77
09-gen,105.9,105.32,104.99,104.83,103.84,104.83,105.16,105.4,105.97,105.31,105.54,105.39,105.95,105.55,105.53,105.43,105.42,105.73,105.87,105.77
10-gen,105.9,105.32,104.99,104.83,103.85,104.84,105.16,105.4,105.97,105.31,105.54,105.4,105.95,105.55,105.53,105.43,105.42,105.73,105.87,105.76
11-gen,105.89,105.33,105,104.83,103.85,104.84,105.16,105.4,105.98,105.3,105.54,105.41,105.95,105.55,105.53,105.43,105.42,105.81,105.87,105.76
12-gen,105.89,105.34,105,104.82,103.85,104.87,105.15,105.41,105.97,105.3,105.53,105.42,105.95,105.56,105.51,105.43,105.42,105.88,105.88,105.76
13-gen,105.88,105.35,105,104.82,103.86,104.91,105.15,105.43,105.97,105.3,105.53,105.42,105.94,105.57,105.51,105.43,105.41,105.95,105.89,105.75
14-gen,105.88,105.36,105,104.82,103.86,104.9,105.15,105.43,105.96,105.3,105.54,105.45,105.94,105.58,105.51,105.43,105.41,105.95,105.89,105.75
15-gen,105.87,105.37,105.01,104.82,103.87,104.92,105.15,105.45,105.95,105.3,105.53,105.47,105.94,105.59,105.5,105.43,105.41,105.95,105.9,105.75
16-gen,105.87,105.37,105.01,104.82,103.87,104.93,105.14,105.45,105.95,105.29,105.55,105.47,105.93,105.6,105.5,105.43,105.41,105.95,105.9,105.74
17-gen,105.86,105.37,105.01,104.82,103.87,104.96,105.13,105.45,105.95,105.29,105.55,105.51,105.93,105.61,105.5,105.43,105.41,105.95,105.91,105.74
18-gen,105.86,105.38,105.01,104.81,103.88,104.95,105.12,105.46,105.95,105.29,105.55,105.55,105.93,105.62,105.49,105.43,105.41,105.95,105.91,105.73
19-gen,105.85,105.38,105.02,104.81,103.88,104.98,105.14,105.46,105.94,105.29,105.55,105.61,105.92,105.62,105.49,105.43,105.4,105.94,105.92,105.73
20-gen,105.84,105.38,105.02,104.81,103.88,105,105.17,105.47,105.93,105.29,105.55,105.67,105.93,105.62,105.49,105.43,105.4,105.93,105.92,105.73
21-gen,105.84,105.38,105.02,104.8,103.88,105.01,105.17,105.47,105.92,105.29,105.57,105.71,105.93,105.61,105.49,105.43,105.4,105.93,105.92,105.72
22-gen,105.84,105.37,105.02,104.8,103.88,105.02,105.17,105.47,105.92,105.29,105.58,105.74,105.93,105.6,105.49,105.43,105.4,105.93,105.93,105.72
23-gen,105.85,105.37,105.02,104.8,103.89,105.03,105.18,105.47,105.91,105.28,105.58,105.76,105.93,105.6,105.49,105.43,105.4,105.92,105.93,105.72
24-gen,105.85,105.37,105.02,104.79,103.91,105.04,105.2,105.47,105.9,105.28,105.58,105.78,105.93,105.6,105.49,105.43,105.39,105.92,105.93,105.71
25-gen,105.84,105.36,105.02,104.79,103.91,105.05,105.21,105.47,105.89,105.27,105.57,105.78,105.94,105.6,105.49,105.43,105.39,105.91,105.94,105.71
26-gen,105.84,105.36,105.02,104.78,103.92,105.06,105.23,105.47,105.89,105.27,105.58,105.81,105.94,105.6,105.49,105.44,105.39,105.91,105.94,105.71
27-gen,105.83,105.35,105.02,104.78,103.92,105.08,105.23,105.46,105.88,105.26,105.59,105.81,105.93,105.6,105.49,105.44,105.39,105.9,105.94,105.7
28-gen,105.82,105.35,105.02,104.79,103.92,105.1,105.24,105.46,105.87,105.26,105.59,105.82,105.93,105.6,105.49,105.44,105.38,105.9,105.95,105.7
29-gen,105.82,105.35,105.03,104.79,103.92,105.12,105.23,105.46,105.87,105.26,105.59,105.83,105.93,105.6,105.49,105.44,105.37,105.9,105.95,105.7
30-gen,105.81,105.35,105.03,104.79,103.92,105.12,105.22,105.46,105.87,105.26,105.59,105.84,105.93,105.61,105.49,105.44,105.37,105.9,105.95,105.69
31-gen,105.8,105.34,105.03,104.79,103.92,105.14,105.21,105.46,105.85,105.25,105.59,105.88,105.93,105.61,105.49,105.43,105.37,105.88,105.95,105.68
01-feb,105.8,105.34,105.03,104.8,103.93,105.14,105.2,105.46,105.84,105.25,105.59,105.88,105.93,105.61,105.49,105.44,105.37,105.88,105.95,105.68
02-feb,105.8,105.34,105.03,104.8,103.93,105.13,105.2,105.46,105.83,105.25,105.59,105.9,105.93,105.62,105.49,105.44,105.39,105.88,105.95,105.67
03-feb,105.79,105.33,105.03,104.8,103.93,105.17,105.23,105.46,105.82,105.25,105.59,105.92,105.92,105.62,105.5,105.44,105.4,105.88,105.95,105.67
04-feb,105.78,105.33,105.03,104.79,103.93,105.17,105.22,105.46,105.81,105.25,105.59,105.95,105.9,105.62,105.5,105.44,105.4,105.86,105.95,105.66
05-feb,105.76,105.33,105.03,104.79,103.93,105.17,105.23,105.46,105.81,105.24,105.59,105.95,105.89,105.62,105.5,105.44,105.4,105.86,105.95,105.66
06-feb,105.74,105.32,105.03,104.79,103.93,105.18,105.24,105.5,105.81,105.23,105.59,105.95,105.92,105.63,105.5,105.44,105.4,105.86,105.95,105.65
07-feb,105.73,105.32,105.03,104.78,103.93,105.16,105.27,105.5,105.8,105.23,105.58,105.95,105.91,105.65,105.51,105.44,105.39,105.85,105.95,105.65
08-feb,105.72,105.32,105.03,104.78,103.94,105.15,105.3,105.5,105.79,105.23,105.58,105.95,105.91,105.66,105.51,105.44,105.39,105.83,105.95,105.65
09-feb,105.71,105.31,105.03,104.77,103.94,105.14,105.32,105.5,105.78,105.22,105.58,105.95,105.91,105.66,105.51,105.44,105.39,105.83,105.95,105.64
10-feb,105.71,105.31,105.03,104.77,103.94,105.12,105.33,105.5,105.77,105.22,105.58,105.95,105.91,105.68,105.51,105.44,105.39,105.81,105.95,105.64
11-feb,105.7,105.31,105.02,104.76,103.94,105.11,105.33,105.51,105.76,105.22,105.58,105.95,105.91,105.68,105.5,105.44,105.39,105.81,105.95,105.63
12-feb,105.68,105.3,105.02,104.76,103.94,105.1,105.33,105.51,105.76,105.2,105.58,105.95,105.91,105.7,105.5,105.44,105.39,105.81,105.95,105.63
13-feb,105.68,105.3,105.02,104.76,103.95,105.09,105.33,105.51,105.76,105.19,105.57,105.95,105.9,105.7,105.5,105.44,105.37,105.81,105.95,105.62
14-feb,105.67,105.29,105.02,104.75,103.95,105.09,105.33,105.52,105.74,105.19,105.55,105.95,105.92,105.71,105.49,105.44,105.37,105.79,105.95,105.62
15-feb,105.67,105.29,105.02,104.75,103.95,105.1,105.33,105.51,105.73,105.19,105.55,105.95,105.93,105.71,105.49,105.43,105.37,105.77,105.95,105.63
16-feb,105.66,105.28,105.01,104.75,103.95,105.11,105.32,105.52,105.75,105.19,105.55,105.95,105.95,105.71,105.48,105.43,105.37,105.77,105.95,105.63
17-feb,105.65,105.28,105.01,104.74,103.95,105.11,105.32,105.51,105.79,105.18,105.55,105.95,105.94,105.72,105.48,105.43,105.36,105.77,105.95,105.63
18-feb,105.65,105.28,105.01,104.74,103.95,105.11,105.32,105.54,105.8,105.18,105.55,105.95,105.94,105.72,105.47,105.43,105.36,105.75,105.95,105.63
19-feb,105.64,105.28,105.01,104.75,103.96,105.12,105.31,105.56,105.8,105.18,105.54,105.95,105.94,105.72,105.47,105.42,105.35,105.75,105.95,105.63
20-feb,105.63,105.3,105.01,104.75,103.96,105.13,105.3,105.57,105.8,105.17,105.53,105.95,105.94,105.72,105.46,105.41,105.35,105.75,105.95,105.62
21-feb,105.62,105.32,105.01,104.75,103.96,105.15,105.29,105.59,105.8,105.17,105.53,105.95,105.95,105.72,105.46,105.41,105.34,105.73,105.95,105.61
22-feb,105.62,105.35,105.01,104.76,103.96,105.15,105.29,105.61,105.8,105.16,105.54,105.95,105.95,105.7,105.46,105.41,105.34,105.73,105.95,105.61
23-feb,105.62,105.37,105.01,104.76,103.96,105.17,105.27,105.63,105.8,105.15,105.54,105.95,105.95,105.7,105.46,105.41,105.43,105.72,105.95,105.6
24-feb,105.61,105.37,105,104.76,103.96,105.17,105.26,105.64,105.79,105.15,105.54,105.95,105.95,105.69,105.46,105.42,105.32,105.71,105.95,105.59
25-feb,105.6,105.37,105,104.77,103.96,105.18,105.26,105.65,105.79,105.13,105.54,105.95,105.95,105.68,105.46,105.42,105.32,105.7,105.95,105.58
26-feb,105.59,105.38,104.99,104.77,103.96,105.19,105.25,105.69,105.79,105.13,105.54,105.95,105.95,105.68,105.45,105.4,105.32,105.69,105.95,105.57
27-feb,105.58,105.38,104.99,104.78,103.96,105.2,105.24,105.7,105.79,105.13,105.53,105.95,105.95,105.68,105.45,105.4,105.31,105.68,105.94,105.56
28-feb,105.57,105.38,104.98,104.78,103.96,105.21,105.23,105.7,105.79,105.13,105.53,105.95,105.95,105.68,105.45,105.39,105.31,105.66,105.94,105.55
29-feb,105.57,105.38,104.98,104.78,103.96,105.2,105.23,105.71,105.79,105.12,105.54,105.95,105.95,105.73,105.45,105.39,105.3,105.66,105.93,105.55
01-mar,105.56,105.38,104.98,104.78,103.96,105.21,105.23,105.72,105.79,105.11,105.54,105.95,105.94,105.73,105.45,105.39,105.3,105.66,105.93,105.54
02-mar,105.56,105.37,104.97,104.79,103.96,105.22,105.21,105.72,105.79,105.11,105.54,105.95,105.95,105.75,105.45,105.39,105.29,105.66,105.93,105.53
03-mar,105.55,105.37,104.97,104.79,103.95,105.22,105.2,105.73,105.79,105.11,105.52,105.95,105.95,105.75,105.43,105.39,105.29,105.67,105.92,105.53
04-mar,105.55,105.37,104.96,104.8,103.95,105.22,105.2,105.75,105.79,105.11,105.52,105.95,105.95,105.75,105.41,105.39,105.28,105.67,105.92,105.52
05-mar,105.54,105.36,104.96,104.8,103.95,105.23,105.21,105.76,105.79,105.1,105.52,105.95,105.95,105.76,105.4,105.39,105.27,105.67,105.93,105.52
06-mar,105.53,105.36,104.95,104.81,103.95,105.23,105.24,105.76,105.79,105.09,105.54,105.95,105.95,105.77,105.39,105.39,105.27,105.69,105.93,105.52
07-mar,105.52,105.35,104.94,104.81,103.95,105.23,105.24,105.76,105.79,105.08,105.55,105.95,105.95,105.81,105.39,105.39,105.26,105.69,105.92,105.51
08-mar,105.5,105.35,104.93,104.81,103.95,105.23,105.22,105.76,105.77,105.07,105.55,105.95,105.94,105.82,105.39,105.39,105.26,105.68,105.92,105.5
09-mar,105.48,105.34,104.92,104.81,103.94,105.23,105.21,105.75,105.76,105.07,105.55,105.95,105.94,105.82,105.37,105.39,105.25,105.67,105.91,105.5
10-mar,105.46,105.34,104.91,104.8,103.94,105.17,105.2,105.75,105.76,105.06,105.55,105.95,105.93,105.83,105.37,105.4,105.25,105.66,105.9,105.5
11-mar,105.45,105.33,104.9,104.8,103.93,105.16,105.19,105.75,105.75,105.05,105.55,105.95,105.93,105.83,105.36,105.41,105.23,105.66,105.9,105.48
12-mar,105.44,105.34,104.89,104.8,103.93,105.14,105.19,105.75,105.75,105.04,105.56,105.95,105.91,105.84,105.36,105.43,105.22,105.66,105.89,105.48
13-mar,105.42,105.32,104.88,104.79,103.92,105.12,105.18,105.75,105.75,105.03,105.56,105.95,105.91,105.84,105.33,105.44,105.21,105.66,105.88,105.47
14-mar,105.4,105.31,104.87,104.79,103.92,105.1,105.17,105.77,105.76,105.03,105.56,105.95,105.9,105.84,105.33,105.45,105.21,105.65,105.87,105.47
15-mar,105.38,105.3,104.86,104.78,103.91,105.09,105.15,105.72,105.76,105.02,105.56,105.95,105.9,105.83,105.33,105.46,105.21,105.64,105.86,105.46
16-mar,105.36,105.29,104.85,104.78,103.91,105.07,105.14,105.72,105.77,105.01,105.56,105.95,105.89,105.83,105.32,105.49,105.21,105.63,105.85,105.45
17-mar,105.35,105.28,104.84,104.76,103.9,105.05,105.13,105.7,105.82,105.01,105.56,105.95,105.89,105.82,105.32,105.51,105.2,105.63,105.84,105.44
18-mar,105.34,105.27,104.83,104.75,103.89,105.03,105.12,105.7,105.84,105.01,105.57,105.95,105.89,105.82,105.31,105.53,105.2,105.62,105.83,105.43
19-mar,105.32,105.26,104.82,104.74,103.89,105.01,105.12,105.7,105.85,104.98,105.6,105.95,105.88,105.82,105.3,105.54,105.2,105.62,105.82,105.43
20-mar,105.3,105.26,104.81,104.73,103.88,104.98,105.11,105.69,105.85,104.97,105.6,105.95,105.87,105.81,105.29,105.55,105.19,105.6,105.81,105.42
21-mar,105.29,105.26,104.8,104.72,103.86,104.95,105.09,105.67,105.89,104.97,105.6,105.95,105.87,105.8,105.28,105.57,105.19,105.6,105.8,105.42
22-mar,105.28,105.26,104.79,104.71,103.85,104.94,105.09,105.65,105.9,104.93,105.6,105.95,105.86,105.79,105.28,105.58,105.19,105.59,105.79,105.41
23-mar,105.27,105.26,104.78,104.7,103.84,104.92,105.07,105.65,105.91,104.93,105.6,105.95,105.85,105.79,105.28,105.59,105.16,105.58,105.78,105.39
24-mar,105.25,105.25,104.77,104.7,103.84,104.91,105.06,105.64,105.91,104.94,105.61,105.95,105.84,105.78,105.28,105.59,105.16,105.58,105.77,105.38
25-mar,105.23,105.25,104.76,104.69,103.83,104.89,105.03,105.62,105.91,104.95,105.63,105.95,105.83,105.78,105.27,105.6,105.16,105.57,105.76,105.38
26-mar,105.22,105.25,104.75,104.68,103.82,104.87,105.03,105.61,105.91,104.92,105.65,105.95,105.83,105.77,105.27,105.6,105.16,105.56,105.75,105.37
27-mar,105.2,105.24,104.74,104.67,103.82,104.85,105.04,105.6,105.91,104.9,105.66,105.95,105.83,105.76,105.27,105.6,105.15,105.55,105.74,105.37
28-mar,105.19,105.23,104.72,104.66,103.81,104.83,105.02,105.58,105.91,104.88,105.67,105.95,105.82,105.76,105.25,105.6,105.15,105.54,105.72,105.37
29-mar,105.17,105.22,104.71,104.65,103.8,104.81,105.01,105.56,105.91,104.87,105.69,105.95,105.82,105.75,105.25,105.6,105.15,105.54,105.71,105.37
30-mar,105.16,105.21,104.7,104.64,103.78,104.79,105.03,105.55,105.9,104.86,105.71,105.94,105.79,105.75,105.24,105.61,105.15,105.54,105.7,105.35
31-mar,105.15,105.2,104.7,104.63,103.77,104.78,105.02,105.56,105.9,104.85,105.71,105.94,105.78,105.73,105.23,105.61,105.15,105.52,105.69,105.35
01-apr,105.14,105.19,104.68,104.62,103.76,104.76,105.02,105.55,105.9,104.84,105.72,105.92,105.78,105.72,105.23,105.61,105.14,105.51,105.68,105.33
02-apr,105.12,105.19,104.67,104.61,103.75,104.74,105.01,105.54,105.89,104.83,105.72,105.9,105.75,105.71,105.22,105.6,105.1,105.5,105.67,105.33
03-apr,105.1,105.18,104.66,104.6,103.74,104.72,105.01,105.53,105.86,104.82,105.72,105.89,105.74,105.7,105.22,105.6,105.1,105.49,105.66,105.32
04-apr,105.08,105.17,104.65,104.58,103.74,104.7,105,105.52,105.85,104.81,105.72,105.88,105.73,105.69,105.2,105.61,105.1,105.48,105.65,105.31
05-apr,105.06,105.16,104.64,104.56,103.73,104.68,105,105.51,105.84,104.83,105.73,105.87,105.73,105.68,105.2,105.62,105.1,105.47,105.65,105.3
06-apr,105.05,105.15,104.63,104.56,103.71,104.66,104.99,105.51,105.83,104.82,105.74,105.86,105.72,105.68,105.19,105.62,105.08,105.46,105.64,105.28
07-apr,105.04,105.14,104.62,104.55,103.7,104.64,104.98,105.5,105.82,104.81,105.74,105.85,105.71,105.67,105.18,105.62,105.07,105.46,105.63,105.27
08-apr,105.03,105.13,104.61,104.54,103.69,104.62,104.97,105.49,105.8,104.78,105.73,105.84,105.7,105.66,105.18,105.61,105.07,105.45,105.61,105.27
09-apr,105.02,105.13,104.61,104.52,103.68,104.6,104.97,105.49,105.8,104.78,105.73,105.83,105.69,105.65,105.18,105.6,105.07,105.44,105.59,105.25
10-apr,105.01,105.12,104.6,104.51,103.67,104.59,104.95,105.48,105.79,104.77,105.74,105.82,105.68,105.64,105.17,105.6,105.07,105.43,105.6,105.25
11-apr,105.01,105.11,104.6,104.52,103.66,104.6,104.94,105.48,105.78,104.77,105.73,105.8,105.67,105.63,105.17,105.61,105.07,105.43,105.6,105.24
12-apr,105,105.11,104.6,104.51,103.65,104.6,104.93,105.47,105.76,104.79,105.72,105.79,105.66,105.62,105.15,105.64,105.07,105.42,105.6,105.24
13-apr,105,105.1,104.59,104.5,103.64,104.6,104.93,105.45,105.74,104.79,105.72,105.78,105.66,105.61,105.14,105.67,105.06,105.42,105.6,105.23
14-apr,104.99,105.09,104.58,104.49,103.63,104.6,104.92,105.44,105.72,104.81,105.71,105.77,105.66,105.59,105.13,105.7,105.06,105.41,105.59,105.23
15-apr,104.97,105.08,104.57,104.47,103.62,104.62,104.91,105.43,105.71,104.81,105.7,105.76,105.65,105.58,105.12,105.71,105.05,105.4,105.59,105.22
16-apr,104.96,105.07,104.56,104.46,103.61,104.62,104.9,105.43,105.7,104.8,105.7,105.74,105.63,105.56,105.12,105.73,105.03,105.38,105.58,105.21
17-apr,104.94,105.06,104.55,104.45,103.59,104.59,104.9,105.43,105.69,104.8,105.69,105.73,105.63,105.54,105.11,105.74,105.03,105.37,105.58,105.2
18-apr,104.93,105.06,104.54,104.44,103.57,104.61,104.9,105.42,105.68,104.78,105.68,105.71,105.62,105.53,105.11,105.75,105.03,105.37,105.57,105.19
19-apr,104.91,105.05,104.53,104.43,103.56,104.61,104.89,105.42,105.67,104.79,105.68,105.71,105.62,105.52,105.11,105.75,105.02,105.37,105.56,105.18
20-apr,104.9,105.05,104.53,104.41,103.54,104.6,104.89,105.41,105.66,104.8,105.69,105.71,105.62,105.52,105.11,105.75,105.02,105.36,105.55,105.17
21-apr,104.89,105.05,104.52,104.4,103.54,104.61,104.88,105.41,105.66,104.83,105.71,105.7,105.61,105.5,105.1,105.75,105.01,105.36,105.53,105.16
22-apr,104.87,105.04,104.52,104.39,103.54,104.62,104.87,105.4,105.65,104.83,105.72,105.7,105.61,105.49,105.1,105.75,105.01,105.35,105.53,105.15
23-apr,104.85,105.03,104.52,104.38,103.54,104.63,104.86,105.39,105.65,104.8,105.72,105.7,105.6,105.48,105.1,105.74,105.01,105.35,105.52,105.15
24-apr,104.84,105.02,104.52,104.36,103.54,104.63,104.85,105.4,105.63,104.81,105.72,105.68,105.6,105.47,105.09,105.73,105.02,105.34,105.52,105.14
25-apr,104.83,105.01,104.51,104.34,103.54,104.63,104.84,105.39,105.63,104.81,105.71,105.68,105.6,105.46,105.09,105.73,105.02,105.34,105.51,105.13
26-apr,104.82,105,104.51,104.32,103.53,104.64,104.83,105.38,105.62,104.8,105.73,105.67,105.59,105.45,105.1,105.72,105.03,105.33,105.5,105.13
27-apr,104.81,104.99,104.51,104.31,103.52,104.63,104.87,105.39,105.61,104.84,105.73,105.66,105.6,105.45,105.13,105.72,105.03,105.32,105.5,105.12
28-apr,104.79,104.98,104.51,104.3,103.51,104.64,104.9,105.39,105.6,104.84,105.74,105.66,105.62,105.43,105.15,105.71,105.02,105.31,105.49,105.11
29-apr,104.78,104.97,104.5,104.3,103.51,104.65,105,105.38,105.59,104.85,105.76,105.68,105.62,105.43,105.15,105.7,105.02,105.32,105.49,105.11
30-apr,104.76,105.05,104.5,104.3,103.51,104.65,105.03,105.38,105.59,104.85,105.78,105.68,105.63,105.43,105.15,105.69,105.02,105.32,105.49,105.11
01-mag,104.75,105.06,104.49,104.29,103.5,104.64,105.06,105.38,105.58,104.83,105.78,105.67,105.63,105.43,105.15,105.68,105.02,105.32,105.5,105.09
02-mag,104.74,105.08,104.48,104.29,103.5,104.64,105.07,105.38,105.57,104.9,105.8,105.67,105.63,105.43,105.17,105.67,105.02,105.32,105.5,105.08
03-mag,104.73,105.11,104.47,104.29,103.56,104.64,105.09,105.38,105.57,104.91,105.8,105.69,105.63,105.43,105.19,105.68,105.01,105.31,105.51,105.08
04-mag,104.72,105.15,104.47,104.28,103.56,104.64,105.11,105.38,105.56,104.91,105.8,105.68,105.63,105.43,105.2,105.68,105.01,105.3,105.51,105.07
05-mag,104.71,105.17,104.47,104.28,103.57,104.64,105.12,105.44,105.55,104.91,105.8,105.68,105.63,105.42,105.21,105.67,105.01,105.28,105.51,105.07
06-mag,104.7,105.18,104.46,104.28,103.57,104.64,105.13,105.44,105.54,104.91,105.81,105.67,105.63,105.42,105.21,105.66,105.01,105.27,105.5,105.09
07-mag,104.69,105.19,104.46,104.27,103.58,104.64,105.14,105.46,105.53,104.92,105.81,105.67,105.64,105.42,105.22,105.65,105.01,105.26,105.49,105.1
08-mag,104.68,105.21,104.46,104.27,103.58,104.64,105.14,105.46,105.52,104.93,105.81,105.67,105.64,105.42,105.23,105.65,105.01,105.26,105.48,105.09
09-mag,104.67,105.23,104.45,104.27,103.58,104.65,105.14,105.45,105.51,104.95,105.8,105.66,105.64,105.42,105.23,105.65,105.02,105.25,105.48,105.08
10-mag,104.66,105.25,104.45,104.27,103.58,104.65,105.13,105.47,105.5,104.97,105.8,105.65,105.64,105.43,105.23,105.64,105.02,105.24,105.47,105.08
11-mag,104.65,105.25,104.45,104.26,103.57,104.65,105.14,105.47,105.49,104.99,105.83,105.65,105.63,105.44,105.23,105.64,105.02,105.25,105.47,105.07
12-mag,104.64,105.25,104.45,104.26,103.57,104.65,105.14,105.5,105.48,105.01,105.83,105.65,105.63,105.47,105.23,105.63,105.03,105.27,105.48,105.06
13-mag,104.63,105.26,104.45,104.25,103.56,104.65,105.14,105.5,105.47,105.03,105.81,105.64,105.63,105.48,105.23,105.62,105.03,105.29,105.48,105.06
14-mag,104.62,105.26,104.44,104.25,103.56,104.65,105.14,105.51,105.47,105.05,105.8,105.63,105.63,105.48,105.23,105.61,105.03,105.31,105.47,105.05
15-mag,104.61,105.27,104.44,104.25,103.55,104.66,105.14,105.54,105.45,105.06,105.8,105.62,105.63,105.48,105.23,105.61,105.02,105.33,105.47,105.03
16-mag,104.6,105.28,104.44,104.24,103.55,104.66,105.14,105.53,105.46,105.06,105.8,105.62,105.65,105.47,105.23,105.61,105.02,105.33,105.46,105.02
17-mag,104.6,105.29,104.44,104.24,103.55,104.66,105.14,105.53,105.45,105.06,105.82,105.61,105.65,105.47,105.22,105.61,105.02,105.33,105.45,105.01
18-mag,104.6,105.28,104.45,104.24,103.56,104.67,105.14,105.53,105.45,105.05,105.83,105.61,105.65,105.47,105.22,105.61,105.02,105.35,105.45,105
19-mag,104.6,105.28,104.45,104.23,103.56,104.67,105.13,105.53,105.45,105.05,105.84,105.6,105.65,105.49,105.22,105.61,105.03,105.35,105.45,104.99
20-mag,104.6,105.28,104.45,104.23,103.56,104.68,105.13,105.53,105.43,105.05,105.86,105.59,105.66,105.57,105.21,105.6,105.03,105.35,105.44,104.98
21-mag,104.64,105.29,104.44,104.23,103.56,104.69,105.13,105.52,105.43,105.08,105.87,105.59,105.66,105.57,105.21,105.6,105.03,105.35,105.44,104.97
22-mag,104.66,105.29,104.44,104.22,103.56,104.67,105.14,105.52,105.43,105.11,105.88,105.59,105.65,105.57,105.2,105.6,105.03,105.35,105.43,104.96
23-mag,104.66,105.29,104.44,104.22,103.56,104.69,105.15,105.52,105.4,105.11,105.88,105.59,105.65,105.49,105.2,105.58,105.04,105.35,105.43,104.96
24-mag,104.67,105.29,104.43,104.21,103.57,104.69,105.15,105.51,105.4,105.11,105.9,105.59,105.65,105.48,105.2,105.57,105.04,105.35,105.43,104.95
25-mag,104.68,105.28,104.43,104.21,103.57,104.69,105.15,105.51,105.4,105.11,105.9,105.57,105.66,105.48,105.19,105.56,105.04,105.35,105.44,104.96
26-mag,104.69,105.28,104.43,104.2,103.57,104.68,105.15,105.51,105.4,105.11,105.9,105.57,105.66,105.47,105.18,105.56,105.05,105.35,105.44,104.95
27-mag,104.7,105.27,104.43,104.2,103.57,104.68,105.15,105.5,105.39,105.11,105.91,105.56,105.67,105.46,105.18,105.55,105.05,105.34,105.44,104.95
28-mag,104.71,105.27,104.44,104.2,103.58,104.68,105.14,105.51,105.43,105.11,105.92,105.56,105.67,105.46,105.18,105.55,105.06,105.34,105.43,104.95
29-mag,104.72,105.27,104.44,104.19,103.58,104.68,105.14,105.5,105.43,105.12,105.93,105.55,105.66,105.46,105.17,105.55,105.06,105.33,105.43,104.95
30-mag,104.74,105.27,104.44,104.19,103.57,104.69,105.12,105.5,105.42,105.12,105.94,105.55,105.66,105.46,105.17,105.54,105.06,105.33,105.43,104.95
31-mag,104.75,105.27,104.44,104.19,103.56,104.69,105.11,105.5,105.42,105.11,105.95,105.55,105.66,105.55,105.17,105.55,105.06,105.33,105.43,104.95
01-giu,104.76,105.27,104.45,104.18,103.58,104.69,105.1,105.48,105.43,105.1,105.95,105.55,105.66,105.57,105.16,105.55,105.05,105.33,105.43,104.95
02-giu,104.77,105.28,104.45,104.18,103.58,104.66,105.09,105.47,105.43,105.1,105.95,105.54,105.66,105.6,105.15,105.54,105.05,105.33,105.43,104.95
03-giu,104.79,105.28,104.45,104.17,103.58,104.67,105.08,105.46,105.43,105.1,105.95,105.54,105.66,105.62,105.14,105.53,105.04,105.33,105.43,104.95
04-giu,104.78,105.29,104.45,104.17,103.58,104.68,105.07,105.45,105.45,105.12,105.95,105.53,105.66,105.65,105.13,105.52,105.04,105.35,105.43,104.96
05-giu,104.78,105.29,104.45,104.17,103.58,104.69,105.07,105.44,105.47,105.13,105.95,105.53,105.66,105.67,105.13,105.51,105.04,105.35,105.43,104.96
06-giu,104.78,105.3,104.45,104.16,103.58,104.69,105.06,105.43,105.46,105.13,105.94,105.53,105.66,105.67,105.15,105.5,105.04,105.36,105.43,104.97
07-giu,104.78,105.3,104.45,104.16,103.59,104.69,105.05,105.42,105.46,105.12,105.93,105.53,105.66,105.67,105.15,105.5,105.04,105.36,105.47,104.99
08-giu,104.79,105.31,104.45,104.16,103.59,104.7,105.05,105.42,105.47,105.12,105.93,105.53,105.66,105.69,105.15,105.5,105.04,105.39,105.47,105
09-giu,104.79,105.31,104.45,104.15,103.59,104.7,105.04,105.41,105.48,105.12,105.93,105.52,105.67,105.71,105.15,105.49,105.04,105.46,105.48,105.01
10-giu,104.79,105.32,104.45,104.15,103.58,104.69,105.04,105.4,105.49,105.15,105.95,105.52,105.67,105.73,105.15,105.49,105.04,105.46,105.48,105
11-giu,104.79,105.33,104.45,104.15,103.58,104.67,105.04,105.38,105.5,105.19,105.95,105.52,105.66,105.73,105.14,105.47,105.04,105.47,105.49,105
12-giu,104.78,105.33,104.45,104.15,103.59,104.65,105.03,105.37,105.5,105.21,105.93,105.51,105.66,105.74,105.13,105.47,105.04,105.47,105.48,105.01
13-giu,104.79,105.32,104.45,104.15,103.59,104.65,105.03,105.37,105.51,105.21,105.92,105.51,105.66,105.75,105.13,105.48,105.04,105.47,105.48,105.01
14-giu,104.79,105.32,104.45,104.15,103.59,104.65,105.03,105.37,105.51,105.21,105.91,105.5,105.66,105.75,105.11,105.49,105.04,105.47,105.49,105.01
15-giu,104.79,105.32,104.45,104.15,103.59,104.65,105.03,105.36,105.51,105.21,105.91,105.55,105.68,105.79,105.15,105.49,105.04,105.51,105.49,105.01
16-giu,104.79,105.33,104.46,104.15,103.6,104.63,105.02,105.38,105.51,105.21,105.91,105.55,105.68,105.8,105.13,105.48,105.04,105.51,105.49,105.02
17-giu,104.79,105.33,104.46,104.14,103.61,104.62,105.02,105.38,105.51,105.21,105.87,105.55,105.71,105.8,105.12,105.47,105.04,105.54,105.49,105.03
18-giu,104.8,105.34,104.46,104.14,103.63,104.61,105.02,105.39,105.51,105.21,105.87,105.55,105.71,105.8,105.11,105.47,105.04,105.54,105.49,105.03
19-giu,104.81,105.34,104.47,104.14,103.63,104.6,105.02,105.4,105.51,105.21,105.85,105.55,105.71,105.8,105.1,105.46,105.04,105.54,105.49,105.03
20-giu,104.82,105.34,104.47,104.14,103.63,104.59,105.03,105.4,105.5,105.21,105.84,105.54,105.71,105.81,105.1,105.45,105.04,105.55,105.51,105.03
21-giu,104.83,105.35,104.47,104.14,103.65,104.59,105.04,105.39,105.49,105.2,105.83,105.53,105.71,105.81,105.09,105.45,105.03,105.55,105.52,105.03
22-giu,104.83,105.35,104.47,104.13,103.66,104.57,105.05,105.39,105.49,105.2,105.83,105.53,105.71,105.81,105.09,105.45,105.05,105.55,105.52,105.04
23-giu,104.84,105.35,104.48,104.13,103.66,104.56,105.05,105.38,105.49,105.2,105.8,105.53,105.71,105.81,105.09,105.44,105.06,105.55,105.52,105.04
24-giu,104.85,105.35,104.48,104.13,103.67,104.55,105.05,105.38,105.48,105.2,105.79,105.54,105.71,105.81,105.1,105.43,105.06,105.54,105.52,105.05
25-giu,104.85,105.35,104.48,104.13,103.68,104.54,105.05,105.38,105.47,105.2,105.77,105.54,105.71,105.81,105.12,105.43,105.06,105.54,105.52,105.05
26-giu,104.85,105.35,104.48,104.13,103.69,104.53,105.07,105.37,105.47,105.2,105.76,105.57,105.71,105.81,105.13,105.42,105.06,105.54,105.52,105.06
27-giu,104.86,105.36,104.47,104.12,103.68,104.52,105.07,105.37,105.47,105.2,105.75,105.59,105.71,105.79,105.13,105.42,105.06,105.54,105.52,105.06
28-giu,104.87,105.36,104.47,104.12,103.69,104.52,105.07,105.36,105.46,105.2,105.76,105.58,105.71,105.79,105.13,105.41,105.06,105.54,105.53,105.07
29-giu,104.88,105.36,104.46,104.12,103.7,104.53,105.07,105.35,105.46,105.2,105.76,105.58,105.71,105.78,105.17,105.41,105.06,105.54,105.53,105.07
30-giu,104.89,105.36,104.47,104.12,103.72,104.52,105.08,105.35,105.45,105.2,105.73,105.59,105.71,105.78,105.17,105.41,105.06,105.54,105.53,105.07
01-lug,104.88,105.36,104.47,104.11,103.75,104.52,105.08,105.34,105.45,105.2,105.72,105.59,105.71,105.77,105.17,105.4,105.06,105.58,105.54,105.07
02-lug,104.88,105.37,104.47,104.11,103.77,104.52,105.08,105.34,105.45,105.18,105.71,105.59,105.72,105.77,105.16,105.4,105.06,105.58,105.54,105.07
03-lug,104.88,105.37,104.46,104.11,103.79,104.51,105.08,105.34,105.45,105.18,105.7,105.59,105.72,105.76,105.16,105.4,105.06,105.58,105.54,105.07
04-lug,104.88,105.37,104.46,104.11,103.79,104.5,105.08,105.33,105.45,105.18,105.69,105.58,105.72,105.76,105.15,105.4,105.06,105.6,105.55,105.08
05-lug,104.88,105.37,104.47,104.11,103.81,104.49,105.1,105.33,105.44,105.18,105.68,105.59,105.73,105.75,105.15,105.4,105.06,105.6,105.55,105.08
06-lug,104.87,105.37,104.47,104.1,103.82,104.49,105.13,105.32,105.44,105.18,105.67,105.59,105.73,105.75,105.15,105.4,105.07,105.6,105.55,105.08
07-lug,104.87,105.37,104.47,104.1,103.83,104.48,105.21,105.32,105.43,105.19,105.67,105.58,105.73,105.75,105.15,105.41,105.07,105.6,105.56,105.08
08-lug,104.87,105.37,104.47,104.1,103.84,104.47,105.23,105.31,105.42,105.19,105.66,105.6,105.73,105.75,105.16,105.41,105.07,105.6,105.56,105.08
09-lug,104.87,105.37,104.48,104.1,103.84,104.46,105.23,105.31,105.41,105.17,105.65,105.6,105.73,105.75,105.17,105.41,105.07,105.6,105.56,105.08
10-lug,104.87,105.37,104.48,104.1,103.84,104.45,105.24,105.3,105.41,105.17,105.64,105.6,105.73,105.75,105.17,105.41,105.07,105.6,105.57,105.08
11-lug,104.87,105.37,104.49,104.09,103.84,104.44,105.25,105.3,105.41,105.17,105.63,105.6,105.73,105.75,105.17,105.41,105.07,105.61,105.57,105.07
12-lug,104.87,105.37,104.49,104.09,103.84,104.43,105.25,105.3,105.41,105.17,105.62,105.6,105.73,105.75,105.17,105.41,105.07,105.61,105.57,105.07
13-lug,104.87,105.37,104.49,104.09,103.84,104.42,105.25,105.29,105.41,105.17,105.62,105.61,105.73,105.76,105.17,105.41,105.07,105.61,105.57,105.07
14-lug,104.87,105.39,104.49,104.09,103.85,104.43,105.26,105.28,105.41,105.19,105.63,105.6,105.72,105.76,105.17,105.41,105.07,105.61,105.58,105.07
15-lug,104.87,105.39,104.49,104.08,103.85,104.43,105.27,105.27,105.41,105.19,105.62,105.6,105.71,105.76,105.17,105.41,105.09,105.61,105.58,105.06
16-lug,104.87,105.39,104.49,104.08,103.85,104.43,105.28,105.27,105.41,105.16,105.61,105.6,105.71,105.76,105.17,105.41,105.12,105.61,105.58,105.06
17-lug,104.87,105.4,104.48,104.08,103.87,104.42,105.29,105.27,105.41,105.16,105.61,105.59,105.71,105.75,105.17,105.4,105.12,105.63,105.58,105.06
18-lug,104.87,105.4,104.48,104.08,103.88,104.43,105.29,105.27,105.41,105.15,105.6,105.59,105.71,105.75,105.16,105.4,105.12,105.63,105.59,105.05
19-lug,104.88,105.41,104.48,104.08,103.89,104.43,105.29,105.26,105.41,105.15,105.6,105.59,105.71,105.76,105.16,105.4,105.12,105.63,105.59,105.05
20-lug,104.88,105.41,104.47,104.07,103.9,104.43,105.29,105.25,105.43,105.15,105.61,105.59,105.71,105.76,105.16,105.4,105.12,105.63,105.59,105.04
21-lug,104.89,105.41,104.47,104.07,103.9,104.43,105.29,105.24,105.43,105.15,105.59,105.59,105.71,105.77,105.16,105.41,105.12,105.63,105.59,105.03
22-lug,104.89,105.42,104.47,104.07,103.91,104.42,105.3,105.24,105.42,105.15,105.58,105.59,105.71,105.76,105.16,105.42,105.12,105.63,105.59,105.02
23-lug,104.89,105.42,104.46,104.07,103.92,104.42,105.3,105.23,105.41,105.16,105.58,105.58,105.71,105.77,105.16,105.42,105.12,105.63,105.6,105.02
24-lug,104.91,105.44,104.45,104.07,103.92,104.41,105.3,105.23,105.43,105.16,105.57,105.59,105.71,105.77,105.16,105.42,105.12,105.71,105.6,105.02
25-lug,104.91,105.45,104.44,104.06,103.92,104.41,105.3,105.22,105.43,105.17,105.56,105.6,105.73,105.78,105.16,105.42,105.12,105.71,105.6,105.01
26-lug,104.92,105.46,104.44,104.06,103.92,104.4,105.31,105.22,105.43,105.17,105.55,105.62,105.73,105.78,105.16,105.42,105.12,105.71,105.6,105.01
27-lug,104.92,105.46,104.44,104.06,103.92,104.41,105.31,105.21,105.43,105.17,105.55,105.63,105.71,105.78,105.16,105.43,105.12,105.71,105.61,105.01
28-lug,104.92,105.46,104.44,104.06,103.92,104.43,105.31,105.21,105.43,105.17,105.55,105.64,105.71,105.8,105.16,105.43,105.12,105.71,105.61,105
29-lug,104.92,105.46,104.44,104.05,103.92,104.43,105.32,105.21,105.42,105.17,105.53,105.65,105.72,105.8,105.16,105.43,105.11,105.71,105.61,105
30-lug,104.91,105.46,104.44,104.05,103.92,104.43,105.32,105.21,105.42,105.18,105.53,105.65,105.72,105.8,105.16,105.43,105.11,105.71,105.62,105
31-lug,104.94,105.46,104.43,104.05,103.92,104.45,105.32,105.2,105.42,105.18,105.52,105.66,105.72,105.8,105.16,105.43,105.11,105.71,105.62,104.99
01-ago,104.93,105.46,104.43,104.05,103.92,104.46,105.33,105.2,105.43,105.18,105.52,105.67,105.72,105.83,105.16,105.43,105.11,105.72,105.62,104.99
02-ago,104.93,105.46,104.43,104.07,103.92,104.47,105.33,105.2,105.43,105.18,105.51,105.67,105.73,105.83,105.16,105.43,105.11,105.72,105.63,104.99
03-ago,104.92,105.46,104.45,104.09,103.95,104.47,105.33,105.2,105.43,105.18,105.51,105.68,105.72,105.83,105.16,105.45,105.11,105.74,105.63,104.99
04-ago,104.91,105.47,104.44,104.1,103.97,104.48,105.34,105.19,105.43,105.18,105.5,105.69,105.72,105.83,105.16,105.45,105.11,105.74,105.64,104.98
05-ago,104.91,105.48,104.44,104.11,103.99,104.47,105.34,105.22,105.42,105.18,105.49,105.69,105.72,105.83,105.16,105.45,105.11,105.74,105.65,104.98
06-ago,104.91,105.49,104.44,104.11,104.01,104.47,105.35,105.25,105.42,105.19,105.48,105.69,105.72,105.83,105.16,105.47,105.11,105.73,105.65,104.98
07-ago,104.92,105.49,104.45,104.11,104.04,104.48,105.35,105.25,105.42,105.17,105.48,105.69,105.72,105.85,105.16,105.47,105.11,105.73,105.65,104.98
08-ago,104.92,105.49,104.45,104.11,104.07,104.47,105.35,105.25,105.42,105.17,105.48,105.69,105.72,105.85,105.16,105.47,105.11,105.73,105.65,104.98
09-ago,104.92,105.49,104.45,104.12,104.1,104.46,105.35,105.25,105.43,105.15,105.48,105.69,105.71,105.85,105.16,105.47,105.11,105.73,105.65,104.97
10-ago,104.92,105.48,104.46,104.12,104.1,104.46,105.34,105.26,105.45,105.15,105.48,105.69,105.73,105.87,105.16,105.47,105.11,105.72,105.65,104.97
11-ago,104.92,105.48,104.47,104.12,104.09,104.46,105.34,105.27,105.45,105.15,105.48,105.7,105.75,105.89,105.16,105.47,105.11,105.72,105.66,104.97
12-ago,104.92,105.48,104.46,104.12,104.08,104.46,105.35,105.27,105.45,105.16,105.46,105.69,105.75,105.9,105.16,105.47,105.11,105.72,105.66,104.97
13-ago,104.92,105.48,104.45,104.12,104.06,104.46,105.36,105.3,105.42,105.18,105.45,105.69,105.73,105.91,105.16,105.47,105.11,105.72,105.66,104.97
14-ago,104.93,105.47,104.44,104.12,104.07,104.46,105.37,105.33,105.42,105.18,105.45,105.7,105.73,105.91,105.16,105.47,105.11,105.72,105.66,104.96
15-ago,104.93,105.47,104.43,104.13,104.11,104.48,105.37,105.35,105.41,105.17,105.44,105.7,105.73,105.91,105.16,105.47,105.11,105.71,105.66,104.96
16-ago,104.93,105.47,104.43,104.13,104.15,104.52,105.37,105.36,105.43,105.17,105.44,105.69,105.73,105.91,105.16,105.47,105.11,105.7,105.66,104.96
17-ago,104.92,105.47,104.41,104.13,104.17,104.52,105.37,105.37,105.42,105.15,105.44,105.69,105.75,105.91,105.16,105.47,105.11,105.69,105.66,104.96
18-ago,104.92,105.46,104.41,104.13,104.19,104.52,105.37,105.37,105.42,105.15,105.43,105.69,105.73,105.91,105.16,105.45,105.12,105.69,105.66,104.96
19-ago,104.92,105.46,104.41,104.13,104.21,104.53,105.37,105.38,105.41,105.15,105.43,105.72,105.75,105.91,105.16,105.43,105.12,105.69,105.65,104.95
20-ago,104.92,105.46,104.41,104.13,104.23,104.54,105.37,105.38,105.41,105.15,105.43,105.72,105.73,105.91,105.16,105.43,105.12,105.68,105.65,104.95
21-ago,104.93,105.46,104.41,104.14,104.26,104.54,105.37,105.39,105.41,105.15,105.42,105.72,105.73,105.91,105.16,105.43,105.12,105.67,105.65,104.95
22-ago,104.93,105.45,104.42,104.14,104.26,104.54,105.38,105.4,105.41,105.15,105.42,105.72,105.73,105.9,105.16,105.42,105.12,105.67,105.65,104.94
23-ago,104.94,105.45,104.42,104.14,104.26,104.54,105.37,105.4,105.41,105.15,105.41,105.72,105.71,105.89,105.16,105.42,105.12,105.66,105.65,104.94
24-ago,104.94,105.45,104.42,104.14,104.26,104.54,105.37,105.39,105.41,105.15,105.41,105.72,105.71,105.89,105.15,105.42,105.13,105.65,105.65,104.93
25-ago,104.95,105.45,104.42,104.14,104.29,104.54,105.37,105.39,105.4,105.15,105.43,105.75,105.71,105.89,105.15,105.45,105.13,105.64,105.65,104.93
26-ago,104.95,105.44,104.41,104.14,104.31,104.53,105.37,105.38,105.39,105.15,105.45,105.75,105.71,105.88,105.15,105.49,105.13,105.64,105.64,104.93
27-ago,104.95,105.43,104.45,104.15,104.33,104.53,105.37,105.38,105.39,105.13,105.47,105.75,105.71,105.88,105.15,105.49,105.13,105.63,105.64,104.91
28-ago,104.95,105.43,104.49,104.15,104.34,104.53,105.37,105.38,105.39,105.13,105.48,105.76,105.71,105.87,105.15,105.49,105.13,105.63,105.64,104.9
29-ago,104.95,105.43,104.53,104.15,104.35,104.54,105.37,105.37,105.37,105.13,105.48,105.76,105.71,105.87,105.15,105.49,105.15,105.63,105.64,104.89
30-ago,104.94,105.42,104.54,104.15,104.38,104.54,105.37,105.37,105.37,105.13,105.47,105.76,105.7,105.87,105.14,105.5,105.15,105.63,105.64,104.89
31-ago,104.94,105.42,104.54,104.15,104.4,104.55,105.36,105.36,105.37,105.14,105.47,105.75,105.69,105.86,105.14,105.5,105.15,105.63,105.64,104.89
01-set,104.94,105.42,104.54,104.15,104.39,104.56,105.36,105.35,105.38,105.16,105.47,105.76,105.69,105.86,105.13,105.5,105.15,105.62,105.63,104.89
02-set,104.94,105.41,104.55,104.16,104.4,104.57,105.36,105.35,105.37,105.19,105.48,105.75,105.69,105.85,105.15,105.51,105.15,105.62,105.63,104.88
03-set,104.93,105.4,104.55,104.16,104.39,104.58,105.35,105.35,105.37,105.22,105.48,105.75,105.69,105.85,105.16,105.51,105.17,105.62,105.63,104.87
04-set,104.93,105.39,104.55,104.16,104.41,104.59,105.35,105.35,105.37,105.23,105.47,105.75,105.68,105.84,105.15,105.51,105.17,105.62,105.63,104.87
05-set,104.93,105.39,104.55,104.16,104.42,104.59,105.35,105.35,105.4,105.23,105.47,105.75,105.68,105.83,105.15,105.51,105.19,105.62,105.63,104.87
06-set,104.93,105.38,104.54,104.16,104.43,104.6,105.37,105.35,105.39,105.25,105.47,105.75,105.68,105.82,105.15,105.5,105.19,105.62,105.63,104.87
07-set,104.93,105.38,104.54,104.16,104.44,104.6,105.33,105.34,105.39,105.25,105.47,105.75,105.68,105.8,105.15,105.53,105.21,105.61,105.63,104.9
08-set,104.93,105.37,104.54,104.16,104.45,104.61,105.33,105.34,105.39,105.25,105.45,105.75,105.68,105.8,105.16,105.53,105.21,105.61,105.63,104.89
09-set,104.93,105.37,104.54,104.16,104.45,104.61,105.32,105.36,105.39,105.25,105.41,105.75,105.67,105.8,105.2,105.53,105.21,105.61,105.62,104.89
10-set,104.94,105.37,104.56,104.15,104.46,104.62,105.32,105.36,105.39,105.24,105.43,105.74,105.67,105.79,105.23,105.52,105.22,105.61,105.62,104.89
11-set,104.94,105.37,104.58,104.15,104.47,104.62,105.31,105.35,105.39,105.24,105.44,105.74,105.67,105.78,105.23,105.52,105.22,105.61,105.62,104.88
12-set,104.93,105.36,104.6,104.14,104.47,104.63,105.31,105.35,105.39,105.23,105.44,105.74,105.67,105.77,105.24,105.52,105.23,105.61,105.62,104.88
13-set,104.93,105.36,104.6,104.14,104.48,104.65,105.31,105.34,105.39,105.27,105.43,105.74,105.67,105.76,105.24,105.52,105.23,105.6,105.62,104.87
14-set,104.93,105.36,104.6,104.13,104.48,104.64,105.3,105.34,105.39,105.29,105.42,105.73,105.71,105.75,105.24,105.52,105.23,105.6,105.62,104.86
15-set,104.92,105.36,104.6,104.13,104.48,104.65,105.3,105.34,105.38,105.29,105.42,105.73,105.71,105.75,105.25,105.52,105.23,105.6,105.62,104.86
16-set,104.92,105.39,104.6,104.12,104.49,104.65,105.33,105.33,105.38,105.26,105.42,105.73,105.72,105.74,105.26,105.52,105.23,105.6,105.65,104.86
17-set,104.92,105.39,104.61,104.12,104.49,104.65,105.33,105.31,105.38,105.26,105.43,105.72,105.71,105.74,105.28,105.51,105.24,105.59,105.68,104.85
18-set,104.92,105.38,104.62,104.11,104.49,104.66,105.34,105.33,105.4,105.26,105.41,105.72,105.71,105.73,105.29,105.51,105.24,105.59,105.68,104.85
19-set,104.92,105.37,104.63,104.1,104.5,104.66,105.34,105.35,105.4,105.27,105.41,105.71,105.71,105.72,105.29,105.51,105.24,105.58,105.68,104.84
20-set,104.91,105.36,104.63,104.09,104.5,104.67,105.32,105.37,105.4,105.27,105.4,105.71,105.71,105.71,105.29,105.51,105.24,105.58,105.68,104.83
21-set,104.91,105.36,104.63,104.09,104.5,104.67,105.33,105.34,105.39,105.27,105.4,105.71,105.71,105.71,105.29,105.5,105.24,105.57,105.68,104.82
22-set,104.91,105.36,104.64,104.08,104.51,104.67,105.32,105.34,105.39,105.27,105.39,105.7,105.71,105.71,105.29,105.5,105.24,105.6,105.68,104.81
23-set,104.91,105.35,104.64,104.08,104.51,104.65,105.32,105.35,105.39,105.27,105.39,105.69,105.71,105.71,105.29,105.49,105.23,105.6,105.68,104.81
24-set,104.92,105.35,104.64,104.08,104.51,104.64,105.32,105.35,105.39,105.27,105.38,105.68,105.73,105.7,105.29,105.49,105.23,105.6,105.68,104.81
25-set,104.92,105.35,104.64,104.07,104.52,104.63,105.31,105.37,105.39,105.27,105.37,105.67,105.72,105.7,105.29,105.49,105.23,105.58,105.68,104.8
26-set,104.92,105.35,104.64,104.07,104.52,104.62,105.31,105.37,105.4,105.27,105.36,105.67,105.72,105.69,105.29,105.49,105.23,105.58,105.69,104.8
27-set,104.91,105.35,104.63,104.06,104.52,104.6,105.31,105.38,105.39,105.29,105.35,105.66,105.72,105.69,105.29,105.48,105.23,105.58,105.7,104.79
28-set,104.9,105.34,104.63,104.06,104.53,104.58,105.3,105.38,105.39,105.29,105.35,105.65,105.73,105.67,105.29,105.47,105.23,105.57,105.7,104.79
29-set,104.89,105.32,104.63,104.06,104.53,104.57,105.29,105.37,105.39,105.29,105.34,105.65,105.73,105.67,105.29,105.47,105.23,105.57,105.7,104.79
30-set,104.89,105.3,104.63,104.05,104.53,104.55,105.27,105.37,105.39,105.29,105.34,105.64,105.72,105.67,105.28,105.47,105.22,105.56,105.69,104.79
01-ott,104.88,105.28,104.65,104.05,104.54,104.54,105.26,105.37,105.39,105.31,105.33,105.64,105.72,105.66,105.27,105.45,105.22,105.55,105.69,104.79
02-ott,104.88,105.27,104.66,104.04,104.54,104.52,105.25,105.37,105.39,105.3,105.33,105.63,105.72,105.65,105.27,105.45,105.22,105.56,105.7,104.77
03-ott,104.87,105.26,104.67,104.04,104.54,104.52,105.24,105.38,105.38,105.3,105.32,105.63,105.72,105.65,105.26,105.44,105.22,105.57,105.7,104.75
04-ott,104.87,105.25,104.69,104.04,104.53,104.5,105.24,105.38,105.38,105.3,105.3,105.62,105.75,105.63,105.26,105.43,105.22,105.57,105.7,104.75
05-ott,104.87,105.25,104.69,104.03,104.52,104.48,105.23,105.4,105.38,105.28,105.3,105.61,105.76,105.63,105.26,105.42,105.22,105.57,105.71,104.75
06-ott,104.87,105.24,104.7,104.03,104.52,104.48,105.22,105.39,105.37,105.28,105.29,105.6,105.76,105.63,105.26,105.41,105.22,105.56,105.71,104.75
07-ott,104.86,105.23,104.72,104.02,104.51,104.47,105.21,105.38,105.35,105.28,105.29,105.6,105.77,105.62,105.26,105.4,105.23,105.56,105.71,104.74
08-ott,104.86,105.23,104.73,104.02,104.5,104.46,105.2,105.37,105.33,105.27,105.29,105.6,105.77,105.62,105.26,105.4,105.23,105.55,105.71,104.73
09-ott,104.85,105.21,104.74,104.02,104.49,104.46,105.19,105.37,105.32,105.27,105.28,105.59,105.77,105.62,105.25,105.39,105.23,105.55,105.71,104.73
10-ott,104.85,105.2,104.75,104.01,104.48,104.43,105.19,105.36,105.31,105.26,105.28,105.58,105.77,105.61,105.25,105.39,105.23,105.55,105.71,104.73
11-ott,104.84,105.19,104.75,104.01,104.47,104.42,105.18,105.35,105.31,105.25,105.29,105.58,105.77,105.61,105.24,105.39,105.23,105.54,105.71,104.71
12-ott,104.84,105.18,104.76,104,104.46,104.4,105.18,105.34,105.3,105.24,105.29,105.58,105.77,105.6,105.23,105.39,105.22,105.54,105.71,104.71
13-ott,104.84,105.17,104.76,104,104.46,104.39,105.17,105.33,105.3,105.23,105.29,105.58,105.78,105.6,105.23,105.38,105.22,105.54,105.7,104.7
14-ott,104.83,105.17,104.76,104,104.45,104.38,105.15,105.33,105.29,105.23,105.27,105.58,105.79,105.6,105.23,105.36,105.21,105.53,105.7,104.7
15-ott,104.83,105.16,104.76,103.99,104.44,104.37,105.14,105.33,105.28,105.24,105.26,105.58,105.79,105.62,105.22,105.36,105.23,105.53,105.7,104.7
16-ott,104.82,105.15,104.76,103.99,104.43,104.36,105.13,105.33,105.27,105.24,105.25,105.58,105.8,105.63,105.21,105.36,105.23,105.53,105.7,
17-ott,104.82,105.15,104.76,103.98,104.42,104.35,105.12,105.32,105.26,105.24,105.25,105.57,105.8,105.63,105.21,105.36,105.23,105.53,105.69,
18-ott,104.82,105.14,104.76,103.98,104.41,104.33,105.12,105.32,105.26,105.23,105.24,105.57,105.8,105.63,105.21,105.36,105.23,105.52,105.69,
19-ott,104.81,105.13,104.76,103.98,104.4,104.31,105.11,105.32,105.25,105.23,105.23,105.57,105.77,105.63,105.2,105.35,105.23,105.52,105.69,
20-ott,104.81,105.12,104.76,103.97,104.4,104.3,105.1,105.32,105.25,105.23,105.23,105.55,105.79,105.63,105.2,105.35,105.26,105.52,105.68,
21-ott,104.81,105.12,104.76,103.97,104.39,104.29,105.09,105.3,105.23,105.23,105.22,105.54,105.79,105.62,105.2,105.35,105.28,105.51,105.67,
22-ott,104.81,105.11,104.75,103.96,104.38,104.28,105.13,105.28,105.23,105.2,105.21,105.53,105.79,105.62,105.2,105.35,105.3,105.51,105.67,
23-ott,104.81,105.09,104.75,103.96,104.37,104.27,105.14,105.29,105.22,105.2,105.22,105.52,105.79,105.62,105.19,105.35,105.3,105.51,105.67,
24-ott,104.82,105.08,104.74,103.96,104.36,104.26,105.13,105.3,105.2,105.19,105.26,105.5,105.79,105.61,105.19,105.35,105.32,105.51,105.66,
25-ott,104.82,105.07,104.74,103.95,104.36,104.24,105.13,105.32,105.19,105.19,105.25,105.49,105.79,105.61,105.19,105.34,105.32,105.52,105.65,
26-ott,104.82,105.06,104.73,103.95,104.35,104.22,105.12,105.35,105.23,105.17,105.25,105.49,105.78,105.61,105.19,105.35,105.33,105.52,105.65,
27-ott,104.82,105.06,104.72,103.94,104.35,104.2,105.12,105.35,105.23,105.19,105.26,105.48,105.78,105.61,105.19,105.36,105.33,105.53,105.65,
28-ott,104.82,105.06,104.72,103.94,104.34,104.2,105.12,105.34,105.21,105.19,105.24,105.48,105.78,105.61,105.18,105.37,105.33,105.53,105.64,
29-ott,104.82,105.08,104.71,103.94,104.33,104.2,105.11,105.33,105.21,105.19,105.24,105.47,105.79,105.61,105.18,105.37,105.34,105.54,105.63,
30-ott,104.82,105.08,104.71,103.93,104.33,104.22,105.11,105.35,105.21,105.19,105.24,105.47,105.79,105.61,105.18,105.44,105.34,105.55,105.62,
31-ott,104.82,105.08,104.7,103.93,104.34,104.22,105.1,105.36,105.2,105.18,105.24,105.46,105.79,105.59,105.18,105.45,105.34,105.56,105.62,
01-nov,104.83,105.09,104.7,103.92,104.33,104.22,105.1,105.41,105.2,105.2,105.24,105.45,105.79,105.58,105.18,105.45,105.34,105.56,105.65,
02-nov,104.83,105.09,104.69,103.92,104.31,104.23,105.09,105.46,105.19,105.2,105.23,105.44,105.78,105.57,105.18,105.45,105.34,105.57,105.65,
03-nov,104.84,105.09,104.68,103.92,104.3,104.24,105.12,105.5,105.18,105.2,105.22,105.43,105.78,105.57,105.18,105.45,105.34,105.57,105.66,
04-nov,104.83,105.08,104.67,103.91,104.3,104.26,105.11,105.51,105.18,105.21,105.22,105.44,105.78,105.56,105.18,105.46,105.34,105.57,105.68,
05-nov,104.83,105.07,104.68,103.91,104.29,104.28,105.12,105.53,105.23,105.24,105.22,105.48,105.78,105.58,105.18,105.49,105.36,105.56,105.68,
06-nov,104.82,105.06,104.68,103.9,104.27,104.28,105.13,105.56,105.23,105.24,105.22,105.48,105.78,105.6,105.26,105.5,105.37,105.56,105.68,
07-nov,104.82,105.05,104.69,103.9,104.27,104.28,105.13,105.56,105.24,105.24,105.21,105.48,105.78,105.6,105.26,105.51,105.39,105.56,105.68,
08-nov,104.83,105.05,104.69,103.9,104.26,104.28,105.13,105.56,105.25,105.24,105.21,105.48,105.78,105.6,105.26,105.52,105.4,105.56,105.68,
09-nov,104.83,105.04,104.68,103.89,104.26,104.28,105.14,105.57,105.26,105.23,105.2,105.48,105.77,105.6,105.27,105.54,105.41,105.55,105.67,
10-nov,104.83,105.03,104.67,103.89,104.25,104.27,105.14,105.58,105.27,105.24,105.19,105.48,105.77,105.59,105.27,105.54,105.43,105.55,105.67,
11-nov,104.82,105.02,104.66,103.88,104.25,104.29,105.14,105.59,105.28,105.25,105.18,105.52,105.76,105.59,105.27,105.54,105.44,105.55,105.67,
12-nov,104.82,105.03,104.65,103.88,104.24,104.31,105.14,105.59,105.29,105.25,105.18,105.53,105.76,105.58,105.27,105.54,105.44,105.54,105.67,
13-nov,104.82,105.02,104.65,103.88,104.23,104.33,105.14,105.6,105.29,105.27,105.17,105.64,105.76,105.58,105.29,105.54,105.45,105.54,105.67,
14-nov,104.81,105.02,104.64,103.86,104.22,104.35,105.14,105.6,105.3,105.28,105.16,105.67,105.76,105.57,105.29,105.54,105.45,105.53,105.7,
15-nov,104.81,105.01,104.64,103.85,104.22,104.34,105.14,105.59,105.3,105.29,105.2,105.67,105.77,105.57,105.29,105.54,105.49,105.53,105.74,
16-nov,104.81,105,104.64,103.84,104.23,104.33,105.13,105.62,105.3,105.27,105.21,105.85,105.75,105.57,105.3,105.54,105.49,105.53,105.74,
17-nov,104.81,104.99,104.64,103.83,104.23,104.37,105.13,105.65,105.3,105.27,105.21,105.92,105.75,105.55,105.3,105.54,105.51,105.52,105.75,
18-nov,104.81,104.98,104.64,103.82,104.24,104.38,105.12,105.66,105.3,105.29,105.21,105.95,105.75,105.55,105.3,105.54,105.52,105.51,105.76,
19-nov,104.8,104.98,104.64,103.81,104.24,104.4,105.11,105.68,105.3,105.31,105.22,105.95,105.75,105.56,105.3,105.54,105.55,105.49,105.76,
20-nov,104.8,104.97,104.64,103.8,104.25,104.42,105.11,105.69,105.3,105.32,105.23,105.95,105.74,105.57,105.3,105.53,105.57,105.49,105.77,
21-nov,104.79,104.96,104.64,103.79,104.26,104.43,105.11,105.76,105.31,105.33,105.24,105.95,105.74,105.57,105.3,105.53,105.59,105.48,105.77,
22-nov,104.79,104.95,104.63,103.78,104.29,104.43,105.1,105.78,105.31,105.35,105.25,105.95,105.74,105.59,105.3,105.53,105.6,105.48,105.79,
23-nov,104.8,104.94,104.63,103.77,104.32,104.43,105.1,105.8,105.31,105.35,105.25,105.95,105.74,105.61,105.3,105.53,105.63,105.47,105.79,
24-nov,104.8,104.94,104.63,103.76,104.35,104.43,105.09,105.82,105.31,105.36,105.25,105.95,105.74,105.62,105.31,105.54,105.65,105.47,105.79,
25-nov,104.82,104.93,104.63,103.75,104.38,104.45,105.08,105.83,105.31,105.38,105.25,105.95,105.73,105.63,105.31,105.55,105.67,105.47,105.8,
26-nov,104.83,104.93,104.63,103.74,104.4,104.46,105.08,105.86,105.31,105.36,105.24,105.95,105.71,105.63,105.31,105.55,105.69,105.47,105.81,
27-nov,104.85,104.92,104.63,103.73,104.42,104.47,105.07,105.88,105.32,105.38,105.24,105.95,105.71,105.64,105.31,105.55,105.71,105.46,105.81,
28-nov,104.86,104.92,104.63,103.72,104.44,104.49,105.07,105.9,105.31,105.39,105.24,105.95,105.71,105.65,105.31,105.55,105.73,105.46,105.81,
29-nov,104.86,104.92,104.63,103.71,104.46,104.52,105.08,105.92,105.31,105.41,105.24,105.95,105.71,105.65,105.32,105.54,105.73,105.46,105.81,
30-nov,104.87,104.99,104.64,103.7,104.47,104.55,105.09,105.93,105.31,105.4,105.24,105.95,105.69,105.65,105.32,105.54,105.75,105.45,105.81,
01-dic,104.87,104.98,104.65,103.69,104.48,104.61,105.1,105.95,105.31,105.42,105.24,105.95,105.69,105.65,105.32,105.54,105.78,105.45,105.81,
02-dic,104.89,104.98,104.65,103.68,104.5,104.63,105.09,105.95,105.31,105.44,105.23,105.95,105.69,105.66,105.32,105.53,105.81,105.45,105.81,
03-dic,104.9,104.98,104.67,103.67,104.51,104.63,105.09,105.95,105.31,105.45,105.23,105.95,105.69,105.66,105.32,105.53,105.82,105.47,105.81,
04-dic,104.92,104.98,104.69,103.66,104.52,104.65,105.1,105.95,105.31,105.45,105.23,105.95,105.69,105.66,105.32,105.53,105.84,105.48,105.81,
05-dic,104.94,104.98,104.7,103.65,104.54,104.67,105.11,105.96,105.31,105.46,105.22,105.95,105.69,105.66,105.32,105.53,105.84,105.5,105.81,
06-dic,104.95,104.98,104.71,103.64,104.56,104.69,105.11,105.96,105.31,105.46,105.22,105.95,105.68,105.66,105.32,105.53,105.85,105.52,105.81,
07-dic,104.96,104.97,104.72,103.65,104.57,104.7,105.1,105.97,105.31,105.47,105.21,105.95,105.67,105.66,105.32,105.52,105.85,105.54,105.81,
08-dic,104.96,104.97,104.72,103.67,104.58,104.71,105.1,105.97,105.31,105.47,105.21,105.95,105.67,105.66,105.32,105.52,105.85,105.56,105.83,
09-dic,104.97,104.96,104.73,103.69,104.59,104.73,105.11,105.98,105.31,105.47,105.2,105.95,105.67,105.65,105.32,105.52,105.85,105.58,105.83,
10-dic,104.97,104.95,104.73,103.71,104.6,104.77,105.11,105.98,105.31,105.47,105.2,105.95,105.65,105.65,105.32,105.51,105.86,105.58,105.83,
11-dic,104.97,104.95,104.74,103.72,104.61,104.8,105.11,105.99,105.31,105.47,105.19,105.95,105.65,105.65,105.32,105.51,105.87,105.58,105.83,
12-dic,104.98,104.95,104.75,103.7,104.62,104.83,105.11,105.99,105.3,105.47,105.19,105.95,105.65,105.64,105.35,105.5,105.87,105.6,105.83,
13-dic,104.99,104.94,104.75,103.7,104.63,104.86,105.11,106,105.3,105.47,105.18,105.95,105.64,105.64,105.35,105.5,105.88,105.6,105.83,
14-dic,105,104.94,104.76,103.7,104.64,104.89,105.11,106,105.31,105.47,105.18,105.95,105.63,105.64,105.35,105.49,105.88,105.61,105.82,
15-dic,105.01,104.94,104.77,103.71,104.65,104.9,105.11,105.99,105.31,105.47,105.18,105.95,105.63,105.63,105.35,105.49,105.88,105.61,105.82,
16-dic,105.02,104.94,104.78,103.72,104.66,104.95,105.1,105.99,105.31,105.47,105.16,105.95,105.63,105.62,105.35,105.49,105.88,105.62,105.82,
17-dic,105.03,104.93,104.79,103.73,104.67,105,105.1,105.98,105.31,105.47,105.16,105.95,105.63,105.62,105.35,105.47,105.88,105.62,105.82,
18-dic,105.03,104.93,104.79,103.74,104.68,105.01,105.1,105.98,105.31,105.47,105.15,105.95,105.62,105.61,105.35,105.47,105.88,105.63,105.81,
19-dic,105.04,104.93,104.8,103.76,104.69,105.04,105.1,105.98,105.31,105.47,105.14,105.95,105.62,105.61,105.35,105.47,105.89,105.63,105.81,
20-dic,105.04,104.92,104.8,103.76,104.7,105.04,105.1,105.97,105.31,105.47,105.15,105.95,105.62,105.61,105.35,105.47,105.89,105.64,105.8,
21-dic,105.04,104.92,104.81,103.77,104.7,105.09,105.1,105.96,105.31,105.47,105.15,105.95,105.61,105.6,105.35,105.47,105.94,105.64,105.8,
22-dic,105.03,104.92,104.81,103.77,104.71,105.1,105.11,105.98,105.31,105.47,105.17,105.95,105.59,105.6,105.35,105.46,105.9,105.65,105.8,
23-dic,105.03,104.91,104.81,103.78,104.72,105.12,105.13,106,105.31,105.47,105.16,105.95,105.57,105.6,105.35,105.46,105.87,105.65,105.8,
24-dic,105.06,104.91,104.81,103.78,104.72,105.13,105.16,106.04,105.31,105.5,105.17,105.95,105.57,105.59,105.35,105.45,105.84,105.66,105.79,
25-dic,105.06,104.92,104.81,103.78,104.73,105.14,105.18,106.05,105.31,105.51,105.19,105.95,105.57,105.59,105.36,105.45,105.81,105.66,105.79,
26-dic,105.07,104.93,104.81,103.79,104.74,105.15,105.2,106.07,105.31,105.51,105.21,105.95,105.57,105.58,105.36,105.45,105.78,105.67,105.79,
27-dic,105.07,104.95,104.81,103.79,104.75,105.15,105.22,106.08,105.3,105.52,105.22,105.95,105.55,105.58,105.36,105.45,105.75,105.67,105.79,
28-dic,105.08,104.95,104.82,103.79,104.76,105.16,105.23,106.1,105.3,105.52,105.22,105.95,105.55,105.57,105.38,105.45,105.75,105.68,105.79,
29-dic,105.08,104.96,104.83,103.8,104.76,105.15,105.24,106.06,105.3,105.52,105.24,105.95,105.55,105.57,105.38,105.45,105.74,105.69,105.78,
30-dic,105.16,104.96,104.83,103.8,104.76,105.16,105.25,106.04,105.3,105.52,105.25,105.95,105.55,105.57,105.38,105.44,105.73,105.7,105.78,
31-dic,105.19,104.97,104.83,103.8,104.77,105.16,105.27,106.04,105.3,105.52,105.26,105.95,105.55,105.57,105.38,105.44,105.73,105.7,105.78,
